#{"t_start": 1734358070.976824, "env_id": "RMSA_ENV-v0"}
r,l,t
98.0,100,55.558424
100.0,100,55.595695
94.0,100,55.628912
100.0,100,55.662025
100.0,100,55.697185
96.0,96,55.787438
98.0,100,55.819542
100.0,100,55.853473
100.0,100,55.886284
100.0,100,55.920931
100.0,100,55.954307
100.0,100,55.98746
100.0,100,56.019839
100.0,100,56.053504
98.0,100,56.085368
100.0,100,56.118669
100.0,100,56.15243
100.0,100,56.18482
100.0,100,56.218942
100.0,100,56.253128
98.0,100,56.288188
100.0,100,56.32016
100.0,100,56.352832
94.0,100,56.386579
100.0,100,56.421155
100.0,100,56.455399
100.0,100,56.490992
100.0,100,56.525229
100.0,100,56.558624
100.0,100,56.591429
100.0,100,56.624456
100.0,100,56.658088
100.0,100,56.691806
100.0,100,56.724047
100.0,100,56.758243
100.0,100,56.790117
100.0,100,56.822854
100.0,100,56.893173
100.0,100,56.927718
100.0,100,56.960228
100.0,100,56.994802
98.0,100,57.028993
100.0,100,57.061485
100.0,100,57.093409
94.0,100,57.127478
100.0,100,57.161836
100.0,100,57.194996
100.0,100,57.227797
100.0,100,57.261714
100.0,100,57.295488
98.0,100,57.329025
100.0,100,57.362162
100.0,100,57.395562
100.0,100,57.428074
100.0,100,57.460785
98.0,100,57.493716
100.0,100,57.527005
100.0,100,57.55978
100.0,100,57.59292
100.0,100,57.627119
100.0,100,57.660801
100.0,100,57.692425
100.0,100,57.724552
100.0,100,57.758203
100.0,100,57.791894
100.0,100,57.824587
100.0,100,57.857304
100.0,100,57.891496
98.0,100,57.924632
100.0,100,57.955612
98.0,100,57.987508
100.0,100,58.021268
98.0,100,58.054464
100.0,100,58.087096
100.0,100,58.119726
100.0,100,58.15298
100.0,100,58.185135
100.0,100,58.219438
98.0,100,58.252866
100.0,100,58.286364
98.0,100,58.319611
100.0,100,58.352268
100.0,100,58.385972
100.0,100,58.419704
98.0,100,58.455167
98.0,100,58.488435
98.0,100,58.523731
98.0,100,58.556149
100.0,100,58.590139
98.0,100,58.623977
100.0,100,58.657731
98.0,100,58.690774
98.0,100,58.725412
100.0,100,58.756897
100.0,100,58.789524
100.0,100,58.821888
100.0,100,58.855242
100.0,100,58.88877
100.0,100,58.922547
100.0,100,58.95512
100.0,100,58.989702
100.0,100,59.021388
100.0,100,59.0546
100.0,100,59.08961
100.0,100,59.122547
100.0,100,59.154758
96.0,100,59.186874
98.0,100,59.221948
100.0,100,59.25481
100.0,100,59.288548
98.0,100,59.321509
98.0,100,59.353489
98.0,100,59.386428
98.0,100,59.421316
100.0,100,59.454533
98.0,100,59.489022
100.0,100,59.523282
100.0,100,59.556268
100.0,100,59.588986
100.0,100,59.623137
100.0,100,59.657286
100.0,100,59.690404
100.0,100,59.723657
100.0,100,59.758874
100.0,100,59.79235
100.0,100,59.826018
100.0,100,59.859407
100.0,100,59.892615
100.0,100,59.925859
100.0,100,59.958475
100.0,100,59.994248
100.0,100,60.027265
96.0,100,60.05972
98.0,100,60.093626
100.0,100,60.126673
100.0,100,60.160254
98.0,100,60.195589
96.0,100,60.230142
100.0,100,60.264167
100.0,100,60.298764
100.0,100,60.333037
100.0,100,60.368942
100.0,100,60.401813
100.0,100,60.434567
100.0,100,60.467869
100.0,100,60.500256
100.0,100,60.532049
98.0,100,60.566731
100.0,100,60.599606
98.0,100,60.633463
100.0,100,60.667351
98.0,100,60.700994
100.0,100,60.734088
100.0,100,60.767222
100.0,100,60.800922
100.0,100,60.947796
100.0,100,60.983682
100.0,100,61.017364
100.0,100,61.051323
100.0,100,61.084964
98.0,100,61.119794
100.0,100,61.155037
100.0,100,61.189628
100.0,100,61.222897
100.0,100,61.257388
100.0,100,61.291262
100.0,100,61.325729
100.0,100,61.359155
100.0,100,61.424496
98.0,100,61.455781
100.0,100,61.487191
100.0,100,61.520965
100.0,100,61.554374
100.0,100,61.588063
100.0,100,61.621472
100.0,100,61.656583
100.0,100,61.691019
100.0,100,61.724294
96.0,100,61.756853
100.0,100,61.791214
100.0,100,61.823664
98.0,100,61.857063
100.0,100,61.890549
100.0,100,61.924329
100.0,100,61.957327
100.0,100,61.989047
100.0,100,62.020259
100.0,100,62.05254
100.0,100,62.083376
100.0,100,62.114547
100.0,100,62.147744
100.0,100,62.180304
100.0,100,62.213831
96.0,100,62.245296
100.0,100,62.280954
100.0,100,62.316621
100.0,100,62.349439
100.0,100,62.382222
100.0,100,62.416244
94.0,100,62.447964
100.0,100,62.482039
100.0,100,62.513684
100.0,100,62.546923
100.0,100,62.579507
100.0,100,62.612067
100.0,100,62.644617
100.0,100,62.676284
100.0,100,62.710132
100.0,100,62.746221
98.0,100,62.780048
100.0,100,62.813961
100.0,100,62.846587
100.0,100,62.878092
100.0,100,62.915211
98.0,100,62.947433
100.0,100,62.984303
96.0,100,63.020105
96.0,100,63.053202
100.0,100,63.087599
100.0,100,63.119792
100.0,100,63.154495
100.0,100,63.189853
100.0,100,63.225097
100.0,100,63.257278
100.0,100,63.293232
100.0,100,63.32688
100.0,100,63.359577
100.0,100,63.39418
100.0,100,63.427897
100.0,100,63.460806
98.0,100,63.491674
100.0,100,63.525657
100.0,100,63.558198
100.0,100,63.589721
100.0,100,63.622476
100.0,100,63.655789
96.0,100,63.688234
100.0,100,63.720831
100.0,100,63.750757
98.0,100,63.781876
100.0,100,63.811997
100.0,100,63.841713
100.0,100,63.872247
100.0,100,63.903761
98.0,100,63.935457
98.0,100,63.969993
98.0,100,64.001391
100.0,100,64.034458
100.0,100,64.067664
100.0,100,64.099589
100.0,100,64.132814
100.0,100,64.16964
100.0,100,64.203451
100.0,100,64.239288
100.0,100,64.273648
100.0,100,64.307745
100.0,100,64.342939
100.0,100,64.373708
100.0,100,64.407636
98.0,100,64.44025
100.0,100,64.472521
98.0,100,64.505775
100.0,100,64.539896
100.0,100,64.570232
100.0,100,64.60107
100.0,100,64.633871
100.0,100,64.667696
100.0,100,64.701569
100.0,100,64.734692
100.0,100,64.76674
98.0,100,64.798695
100.0,100,64.833076
100.0,100,64.864436
100.0,100,64.897086
98.0,100,64.930108
98.0,100,64.963657
98.0,100,64.995788
98.0,100,65.029526
98.0,100,65.061057
100.0,100,65.092203
98.0,100,65.124065
100.0,100,65.158123
98.0,100,65.191484
100.0,100,65.223144
100.0,100,65.254698
100.0,100,65.284386
100.0,100,65.315369
100.0,100,65.347789
100.0,100,65.380742
100.0,100,65.413601
98.0,100,65.446767
100.0,100,65.479533
100.0,100,65.512341
100.0,100,65.547194
98.0,100,65.578405
100.0,100,65.612914
100.0,100,65.645972
98.0,100,65.678258
100.0,100,65.710499
100.0,100,65.743044
100.0,100,65.775266
100.0,100,65.808574
100.0,100,65.84015
98.0,100,65.873181
100.0,100,65.906833
100.0,100,65.93996
100.0,100,65.972282
100.0,100,66.005368
100.0,100,66.037187
100.0,100,66.070067
100.0,100,66.101337
100.0,100,66.13406
100.0,100,66.167351
100.0,100,66.200532
100.0,100,66.233454
100.0,100,66.264905
100.0,100,66.297337
100.0,100,66.329982
100.0,100,66.360825
100.0,100,66.394181
94.0,100,66.425499
100.0,100,66.457912
100.0,100,66.49053
100.0,100,66.522575
100.0,100,66.555506
100.0,100,66.588948
100.0,100,66.621622
100.0,100,66.653343
100.0,100,66.687851
100.0,100,66.72107
100.0,100,66.753575
100.0,100,66.787338
100.0,100,66.820702
100.0,100,66.852528
100.0,100,66.88372
98.0,100,66.916145
98.0,100,66.949498
100.0,100,66.982856
98.0,100,67.014989
98.0,100,67.046337
94.0,100,67.081244
100.0,100,67.11402
100.0,100,67.147286
100.0,100,67.180746
100.0,100,67.212457
100.0,100,67.244084
100.0,100,67.277608
100.0,100,67.309462
100.0,100,67.343531
100.0,100,67.377035
96.0,100,67.409111
98.0,100,67.442766
100.0,100,67.475639
98.0,100,67.509473
100.0,100,67.543008
100.0,100,67.576305
98.0,100,67.609681
100.0,100,67.642658
100.0,100,67.676149
100.0,100,67.708395
100.0,100,67.741893
100.0,100,67.774586
98.0,100,67.808009
98.0,100,67.841233
100.0,100,67.874331
100.0,100,67.907625
100.0,100,67.940981
100.0,100,67.975173
98.0,100,68.008464
100.0,100,68.042362
94.0,100,68.072786
100.0,100,68.10428
100.0,100,68.137719
100.0,100,68.170852
98.0,100,68.203641
98.0,100,68.238064
100.0,100,68.276053
100.0,100,68.308311
100.0,100,68.340929
100.0,100,68.372635
100.0,100,68.403956
100.0,100,68.43788
100.0,100,68.473339
100.0,100,68.541925
100.0,100,68.578052
100.0,100,68.61117
100.0,100,68.643352
100.0,100,68.676633
100.0,100,68.710492
100.0,100,68.743894
100.0,100,68.779574
98.0,100,68.810805
98.0,100,68.841049
100.0,100,68.87541
100.0,100,68.908495
100.0,100,68.94215
100.0,100,68.976022
100.0,100,69.00898
96.0,100,69.040643
98.0,100,69.075751
100.0,100,69.109305
100.0,100,69.141765
100.0,100,69.173364
98.0,100,69.20729
98.0,100,69.240333
98.0,100,69.27231
100.0,100,69.305446
100.0,100,69.337786
100.0,100,69.370662
100.0,100,69.40307
98.0,100,69.435552
100.0,100,69.468111
100.0,100,69.501054
96.0,100,69.532235
100.0,100,69.565239
100.0,100,69.598425
100.0,100,69.631611
100.0,100,69.664327
100.0,100,69.695694
100.0,100,69.7285
98.0,100,69.762105
98.0,100,69.797289
100.0,100,69.830988
98.0,100,69.864297
100.0,100,69.896823
100.0,100,69.931538
94.0,100,69.963481
98.0,100,69.997107
100.0,100,70.029447
100.0,100,70.061665
100.0,100,70.095496
98.0,100,70.128559
92.0,100,70.163027
100.0,100,70.196921
98.0,100,70.231513
100.0,100,70.264783
100.0,100,70.297608
100.0,100,70.330974
98.0,100,70.364323
100.0,100,70.39615
98.0,100,70.432521
100.0,100,70.465325
100.0,100,70.499142
98.0,100,70.532339
98.0,100,70.566301
100.0,100,70.600163
96.0,100,70.631591
100.0,100,70.664111
100.0,100,70.696196
100.0,100,70.728525
100.0,100,70.763152
100.0,100,70.797051
100.0,100,70.82959
100.0,100,70.865917
96.0,100,70.897844
100.0,100,70.93165
92.0,100,70.966976
96.0,100,71.000243
96.0,100,71.032728
98.0,100,71.065837
100.0,100,71.09824
100.0,100,71.129868
98.0,100,71.161486
100.0,100,71.194394
100.0,100,71.230581
98.0,100,71.263555
100.0,100,71.296166
100.0,100,71.328894
100.0,100,71.360561
100.0,100,71.392638
100.0,100,71.426778
100.0,100,71.459313
100.0,100,71.490909
100.0,100,71.554897
100.0,100,71.588272
100.0,100,71.621263
100.0,100,71.654631
100.0,100,71.686965
100.0,100,71.719729
98.0,100,71.752854
98.0,100,71.785305
100.0,100,71.818413
96.0,100,71.851858
100.0,100,71.886399
100.0,100,71.918733
100.0,100,71.953393
98.0,100,71.988011
100.0,100,72.023908
100.0,100,72.05539
100.0,100,72.08984
100.0,100,72.123755
100.0,100,72.157876
100.0,100,72.190496
98.0,100,72.224625
100.0,100,72.259256
98.0,100,72.292813
100.0,100,72.325705
100.0,100,72.359677
96.0,100,72.393064
100.0,100,72.426117
100.0,100,72.46019
100.0,100,72.494439
100.0,100,72.528267
100.0,100,72.559483
100.0,100,72.592816
98.0,100,72.625844
100.0,100,72.659047
100.0,100,72.693234
98.0,100,72.725005
96.0,100,72.761036
100.0,100,72.792395
100.0,100,72.825792
100.0,100,72.860241
98.0,100,72.89433
98.0,100,72.925368
92.0,100,72.960369
98.0,100,72.996161
100.0,100,73.034579
100.0,100,73.065628
96.0,100,73.102787
96.0,100,73.139037
98.0,100,73.176
96.0,100,73.210316
98.0,100,73.244895
100.0,100,73.278582
100.0,100,73.313395
100.0,100,73.348966
100.0,100,73.383143
100.0,100,73.41519
100.0,100,73.447787
100.0,100,73.481757
100.0,100,73.516097
98.0,100,73.552188
100.0,100,73.585774
98.0,100,73.619496
100.0,100,73.652046
100.0,100,73.687071
100.0,100,73.718863
100.0,100,73.754424
100.0,100,73.787767
100.0,100,73.818317
100.0,100,73.848933
100.0,100,73.880175
98.0,100,73.912019
100.0,100,73.943038
98.0,100,73.975702
100.0,100,74.008071
96.0,100,74.038806
100.0,100,74.075827
100.0,100,74.107981
100.0,100,74.139573
100.0,100,74.169946
98.0,100,74.201544
94.0,100,74.236005
100.0,100,74.270037
100.0,100,74.302978
98.0,100,74.336603
98.0,100,74.369523
100.0,100,74.403077
100.0,100,74.435901
98.0,100,74.468747
98.0,100,74.501498
100.0,100,74.536524
100.0,100,74.568856
100.0,100,74.602073
100.0,100,74.632829
98.0,100,74.665182
98.0,100,74.698263
98.0,100,74.731116
100.0,100,74.764273
100.0,100,74.798164
100.0,100,74.831248
100.0,100,74.866859
98.0,100,74.901452
98.0,100,74.934762
98.0,100,74.967236
100.0,100,75.000187
96.0,100,75.03345
100.0,100,75.06674
98.0,100,75.100365
98.0,100,75.132561
100.0,100,75.169313
100.0,100,75.204756
98.0,100,75.239488
100.0,100,75.271583
100.0,100,75.30751
100.0,100,75.343906
100.0,100,75.377175
100.0,100,75.41258
98.0,100,75.445872
100.0,100,75.477784
100.0,100,75.511262
100.0,100,75.546052
100.0,100,75.581305
100.0,100,75.613726
100.0,100,75.646297
100.0,100,75.678619
100.0,100,75.715167
100.0,100,75.747828
98.0,100,75.779761
96.0,100,75.810565
100.0,100,75.844055
98.0,100,75.876647
100.0,100,75.909848
100.0,100,75.942034
98.0,100,76.007561
100.0,100,76.043187
100.0,100,76.077404
100.0,100,76.111465
98.0,100,76.141737
98.0,100,76.173864
100.0,100,76.205796
100.0,100,76.236967
100.0,100,76.270511
98.0,100,76.303224
96.0,100,76.337074
100.0,100,76.3692
100.0,100,76.403459
100.0,100,76.436569
100.0,100,76.469722
100.0,100,76.502702
100.0,100,76.535579
100.0,100,76.567107
100.0,100,76.600382
100.0,100,76.633341
100.0,100,76.666284
100.0,100,76.69863
100.0,100,76.730506
100.0,100,76.765209
100.0,100,76.800504
100.0,100,76.832749
100.0,100,76.864368
98.0,100,76.895243
98.0,100,76.927441
100.0,100,76.960052
100.0,100,76.995017
100.0,100,77.027583
100.0,100,77.060078
100.0,100,77.093681
100.0,100,77.126486
100.0,100,77.159527
98.0,100,77.192427
100.0,100,77.225271
100.0,100,77.258952
98.0,100,77.292743
100.0,100,77.325112
100.0,100,77.356666
100.0,100,77.388532
100.0,100,77.421079
96.0,100,77.454962
98.0,100,77.487056
100.0,100,77.520377
96.0,100,77.554477
100.0,100,77.589356
96.0,100,77.626212
100.0,100,77.661172
94.0,100,77.69456
100.0,100,77.726426
100.0,100,77.758826
100.0,100,77.792168
100.0,100,77.825967
98.0,100,77.859075
98.0,100,77.892183
100.0,100,77.926459
100.0,100,77.959624
100.0,100,77.992529
96.0,100,78.025027
100.0,100,78.055867
100.0,100,78.089534
100.0,100,78.122474
98.0,100,78.157922
98.0,100,78.193017
98.0,100,78.22739
100.0,100,78.261939
100.0,100,78.295296
100.0,100,78.329713
100.0,100,78.360222
100.0,100,78.392543
98.0,100,78.427197
100.0,100,78.462281
100.0,100,78.493153
100.0,100,78.524156
100.0,100,78.557975
100.0,100,78.590668
100.0,100,78.623183
100.0,100,78.655921
100.0,100,78.688618
100.0,100,78.720577
100.0,100,78.75264
100.0,100,78.7856
100.0,100,78.818179
100.0,100,78.850864
100.0,100,78.883328
100.0,100,78.91632
100.0,100,78.948258
100.0,100,78.980646
98.0,100,79.01479
100.0,100,79.046762
98.0,100,79.082098
100.0,100,79.116464
100.0,100,79.148749
96.0,100,79.181003
100.0,100,79.21524
98.0,100,79.247761
100.0,100,79.279313
100.0,100,79.311523
100.0,100,79.342567
100.0,100,79.37268
100.0,100,79.403126
100.0,100,79.435604
100.0,100,79.47119
100.0,100,79.502603
100.0,100,79.537478
100.0,100,79.569985
100.0,100,79.601761
100.0,100,79.634678
100.0,100,79.667674
100.0,100,79.700237
96.0,100,79.731529
100.0,100,79.763978
100.0,100,79.796948
100.0,100,79.829188
100.0,100,79.862576
100.0,100,79.893794
100.0,100,79.927484
100.0,100,79.960987
100.0,100,79.995344
100.0,100,80.028752
100.0,100,80.062481
100.0,100,80.096599
100.0,100,80.131276
100.0,100,80.164963
100.0,100,80.19827
100.0,100,80.23202
100.0,100,80.265033
100.0,100,80.30078
96.0,100,80.334036
98.0,100,80.367921
98.0,100,80.400836
98.0,100,80.434687
100.0,100,80.468313
98.0,100,80.502602
100.0,100,80.536364
100.0,100,80.57042
100.0,100,80.605002
98.0,100,80.639263
100.0,100,80.683002
100.0,100,80.717008
100.0,100,80.749105
100.0,100,80.780523
100.0,100,80.813226
98.0,100,80.845877
100.0,100,80.877896
100.0,100,80.909769
100.0,100,80.943039
100.0,100,80.976937
100.0,100,81.00961
100.0,100,81.042393
100.0,100,81.076162
100.0,100,81.120062
100.0,100,81.153027
96.0,100,81.186694
100.0,100,81.218416
100.0,100,81.25149
100.0,100,81.284941
100.0,100,81.319029
100.0,100,81.35158
100.0,100,81.387253
100.0,100,81.418986
100.0,100,81.451789
100.0,100,81.486928
98.0,100,81.517703
98.0,100,81.549232
100.0,100,81.581927
100.0,100,81.615976
100.0,100,81.649318
100.0,100,81.683391
100.0,100,81.716123
100.0,100,81.748071
100.0,100,81.781166
98.0,100,81.814405
100.0,100,81.847595
100.0,100,81.880006
100.0,100,81.913056
100.0,100,81.945531
100.0,100,81.976425
100.0,100,82.007002
90.0,100,82.038827
96.0,100,82.070406
100.0,100,82.102572
98.0,100,82.136444
100.0,100,82.169034
100.0,100,82.201789
100.0,100,82.235707
100.0,100,82.267649
100.0,100,82.298804
100.0,100,82.329156
100.0,100,82.359385
100.0,100,82.39042
100.0,100,82.420949
100.0,100,82.453315
100.0,100,82.486446
100.0,100,82.518617
100.0,100,82.549389
98.0,100,82.580582
100.0,100,82.645834
100.0,100,82.678226
100.0,100,82.710869
100.0,100,82.743067
100.0,100,82.776345
100.0,100,82.809702
100.0,100,82.840708
96.0,100,82.873082
100.0,100,82.906385
100.0,100,82.939495
98.0,100,82.97215
100.0,100,83.005381
98.0,100,83.03984
98.0,100,83.074753
96.0,100,83.108719
100.0,100,83.139725
98.0,100,83.173188
98.0,100,83.20598
98.0,100,83.244261
100.0,100,83.278969
100.0,100,83.311884
100.0,100,83.346185
100.0,100,83.379295
100.0,100,83.412577
100.0,100,83.446081
100.0,100,83.479242
100.0,100,83.510139
100.0,100,83.54055
100.0,100,83.574712
100.0,100,83.607646
100.0,100,83.638258
96.0,100,83.670161
100.0,100,83.70076
98.0,100,83.734849
100.0,100,83.767366
100.0,100,83.799717
98.0,100,83.831392
100.0,100,83.861607
100.0,100,83.894866
100.0,100,83.927644
94.0,100,83.960069
100.0,100,83.99442
100.0,100,84.027666
98.0,100,84.058608
100.0,100,84.089666
100.0,100,84.120502
100.0,100,84.153198
100.0,100,84.186132
100.0,100,84.21895
96.0,100,84.253597
100.0,100,84.289769
100.0,100,84.324024
100.0,100,84.355458
100.0,100,84.390529
100.0,100,84.425898
98.0,100,84.457733
100.0,100,84.488579
100.0,100,84.522229
98.0,100,84.555778
96.0,100,84.589388
100.0,100,84.623193
100.0,100,84.653566
100.0,100,84.684879
100.0,100,84.717582
100.0,100,84.750258
100.0,100,84.782724
100.0,100,84.814765
96.0,100,84.847631
98.0,100,84.880234
96.0,100,84.911601
100.0,100,84.945481
100.0,100,84.978531
100.0,100,85.012311
100.0,100,85.046187
96.0,100,85.078908
100.0,100,85.111693
100.0,100,85.145242
98.0,100,85.178585
100.0,100,85.211481
100.0,100,85.245235
100.0,100,85.278476
100.0,100,85.312755
98.0,100,85.345415
100.0,100,85.377811
100.0,100,85.411299
100.0,100,85.443767
98.0,100,85.475187
98.0,100,85.508146
100.0,100,85.541791
100.0,100,85.576329
100.0,100,85.611194
100.0,100,85.644398
100.0,100,85.675342
100.0,100,85.70908
94.0,100,85.739354
96.0,100,85.771739
100.0,100,85.803927
100.0,100,85.840148
100.0,100,85.874476
100.0,100,85.910389
100.0,100,85.947158
100.0,100,85.980812
100.0,100,86.014894
100.0,100,86.049883
98.0,100,86.083041
100.0,100,86.114854
100.0,100,86.148813
100.0,100,86.180146
98.0,100,86.211504
100.0,100,86.24723
100.0,100,86.283349
100.0,100,86.318015
100.0,100,86.351809
100.0,100,86.385336
100.0,100,86.417265
100.0,100,86.45148
100.0,100,86.48618
100.0,100,86.521039
100.0,100,86.552721
100.0,100,86.58677
100.0,100,86.6209
100.0,100,86.65376
100.0,100,86.684074
98.0,100,86.718515
100.0,100,86.751426
100.0,100,86.783727
100.0,100,86.817072
100.0,100,86.850856
100.0,100,86.885384
100.0,100,86.918892
100.0,100,86.953032
100.0,100,86.989121
100.0,100,87.023971
98.0,100,87.059382
100.0,100,87.093003
98.0,100,87.126418
100.0,100,87.158895
100.0,100,87.192235
100.0,100,87.226008
100.0,100,87.258904
100.0,100,87.291841
100.0,100,87.326511
100.0,100,87.358138
100.0,100,87.391605
100.0,100,87.426298
100.0,100,87.459056
100.0,100,87.49281
96.0,100,87.526412
100.0,100,87.558805
100.0,100,87.589255
98.0,100,87.619875
100.0,100,87.651255
100.0,100,87.683263
100.0,100,87.715068
98.0,100,87.74765
100.0,100,87.782451
100.0,100,87.816065
100.0,100,87.851646
98.0,100,87.883541
98.0,100,87.918474
100.0,100,87.952327
100.0,100,87.98648
100.0,100,88.02075
100.0,100,88.052592
100.0,100,88.088594
100.0,100,88.122611
100.0,100,88.153722
100.0,100,88.186058
100.0,100,88.218526
100.0,100,88.249862
100.0,100,88.283628
100.0,100,88.31747
100.0,100,88.350583
100.0,100,88.384776
100.0,100,88.418128
100.0,100,88.450453
100.0,100,88.483862
100.0,100,88.517374
100.0,100,88.550078
100.0,100,88.583313
96.0,100,88.61667
100.0,100,88.649843
100.0,100,88.684067
96.0,100,88.717991
100.0,100,88.751289
100.0,100,88.784524
100.0,100,88.817141
100.0,100,88.84955
100.0,100,88.882197
100.0,100,88.912723
100.0,100,88.946766
100.0,100,88.979142
98.0,100,89.010789
100.0,100,89.04309
100.0,100,89.076939
100.0,100,89.111318
98.0,100,89.142609
100.0,100,89.176413
100.0,100,89.208834
100.0,100,89.24287
100.0,100,89.277099
98.0,100,89.310314
100.0,100,89.344575
79.0,79,89.905669
100.0,100,90.044003
98.0,100,90.164585
100.0,100,90.302749
100.0,100,90.45813
78.0,78,90.625433
98.0,100,90.658085
94.0,100,90.690409
100.0,100,90.724181
100.0,100,90.758546
100.0,100,90.790855
96.0,100,90.822865
94.0,100,90.855526
100.0,100,90.887513
100.0,100,90.920399
100.0,100,90.953769
100.0,100,90.986246
98.0,100,91.01801
98.0,100,91.051227
100.0,100,91.08299
100.0,100,91.115734
100.0,100,91.148035
100.0,100,91.181643
98.0,100,91.213873
100.0,100,91.246304
100.0,100,91.279726
100.0,100,91.310969
100.0,100,91.344868
100.0,100,91.377454
100.0,100,91.408613
100.0,100,91.441996
100.0,100,91.474712
98.0,100,91.506591
100.0,100,91.539546
98.0,100,91.572449
94.0,100,91.604788
100.0,100,91.635462
100.0,100,91.666027
94.0,100,91.697644
100.0,100,91.72801
100.0,100,91.757296
100.0,100,91.786253
100.0,100,91.817941
98.0,100,91.851393
98.0,100,91.883875
98.0,100,91.917273
100.0,100,91.949871
100.0,100,91.982866
100.0,100,92.016383
100.0,100,92.049188
100.0,100,92.081822
100.0,100,92.11459
100.0,100,92.146016
100.0,100,92.178268
100.0,100,92.211144
100.0,100,92.243819
100.0,100,92.276453
100.0,100,92.309941
100.0,100,92.346464
100.0,100,92.379166
96.0,100,92.412785
100.0,100,92.444699
100.0,100,92.477065
100.0,100,92.510413
98.0,100,92.54318
100.0,100,92.576895
96.0,100,92.60964
98.0,100,92.642876
100.0,100,92.676743
96.0,100,92.708322
100.0,100,92.779444
96.0,100,92.815736
100.0,100,92.849261
100.0,100,92.884404
100.0,100,92.919303
100.0,100,92.953769
100.0,100,92.987795
98.0,100,93.019512
100.0,100,93.052752
100.0,100,93.085409
100.0,100,93.118995
100.0,100,93.159163
100.0,100,93.194099
100.0,100,93.226931
100.0,100,93.260395
98.0,100,93.295522
100.0,100,93.33148
100.0,100,93.366664
98.0,100,93.401926
100.0,100,93.43583
100.0,100,93.471358
100.0,100,93.505666
98.0,100,93.538809
100.0,100,93.569028
100.0,100,93.603544
100.0,100,93.63824
98.0,100,93.670749
100.0,100,93.70328
100.0,100,93.735923
100.0,100,93.769968
100.0,100,93.804217
100.0,100,93.837145
100.0,100,93.869178
100.0,100,93.902343
98.0,100,93.934009
98.0,100,93.968071
100.0,100,94.00174
100.0,100,94.0349
100.0,100,94.067994
100.0,100,94.099571
96.0,100,94.134112
98.0,100,94.165882
100.0,100,94.20022
100.0,100,94.23271
96.0,100,94.267426
100.0,100,94.29978
100.0,100,94.332132
100.0,100,94.366266
100.0,100,94.399986
100.0,100,94.4325
100.0,100,94.464925
100.0,100,94.498122
100.0,100,94.531435
100.0,100,94.564019
100.0,100,94.596531
98.0,100,94.629283
100.0,100,94.663204
100.0,100,94.696998
100.0,100,94.730948
100.0,100,94.767788
100.0,100,94.810851
100.0,100,94.848281
100.0,100,94.883662
100.0,100,94.917351
100.0,100,94.952166
96.0,100,94.988187
100.0,100,95.038681
100.0,100,95.076099
100.0,100,95.114448
100.0,100,95.150244
94.0,100,95.1852
100.0,100,95.220937
100.0,100,95.252559
98.0,100,95.285839
96.0,100,95.321455
100.0,100,95.354162
100.0,100,95.385478
100.0,100,95.420206
98.0,100,95.457126
98.0,100,95.492033
98.0,100,95.528069
100.0,100,95.562139
100.0,100,95.596583
100.0,100,95.632112
100.0,100,95.668089
100.0,100,95.700313
98.0,100,95.73363
100.0,100,95.765761
100.0,100,95.79872
100.0,100,95.831571
100.0,100,95.861627
100.0,100,95.89717
100.0,100,95.928288
100.0,100,95.961003
98.0,100,95.995359
98.0,100,96.028108
100.0,100,96.062052
100.0,100,96.095925
100.0,100,96.13164
100.0,100,96.165864
100.0,100,96.198929
100.0,100,96.232572
100.0,100,96.266105
100.0,100,96.29922
100.0,100,96.33419
98.0,100,96.366469
100.0,100,96.401965
100.0,100,96.437631
100.0,100,96.470546
100.0,100,96.502438
100.0,100,96.535769
98.0,100,96.601336
88.0,100,96.634524
100.0,100,96.668518
98.0,100,96.700996
100.0,100,96.733216
100.0,100,96.766966
98.0,100,96.80261
100.0,100,96.836334
100.0,100,96.87009
100.0,100,96.90292
98.0,100,96.934512
100.0,100,96.96943
100.0,100,97.004853
98.0,100,97.038333
96.0,100,97.072091
100.0,100,97.104538
100.0,100,97.137402
100.0,100,97.171388
100.0,100,97.205032
100.0,100,97.237719
100.0,100,97.269654
100.0,100,97.301794
100.0,100,97.335921
100.0,100,97.368158
100.0,100,97.400469
100.0,100,97.434714
96.0,100,97.467718
100.0,100,97.500781
100.0,100,97.533163
100.0,100,97.566154
96.0,100,97.600646
98.0,100,97.63423
100.0,100,97.666542
98.0,100,97.700372
100.0,100,97.73308
100.0,100,97.76605
100.0,100,97.800154
100.0,100,97.832438
100.0,100,97.865054
100.0,100,97.898268
100.0,100,97.932987
98.0,100,97.966516
100.0,100,97.997306
100.0,100,98.031555
100.0,100,98.065012
100.0,100,98.096411
100.0,100,98.127075
98.0,100,98.161732
100.0,100,98.195274
100.0,100,98.228632
100.0,100,98.261992
98.0,100,98.295174
98.0,100,98.329397
100.0,100,98.361543
100.0,100,98.394434
100.0,100,98.425786
94.0,100,98.459545
100.0,100,98.491541
100.0,100,98.524353
98.0,100,98.556115
100.0,100,98.587982
98.0,100,98.621458
100.0,100,98.653199
100.0,100,98.686528
100.0,100,98.720794
88.0,100,98.752922
90.0,100,98.784419
98.0,100,98.815388
100.0,100,98.845998
100.0,100,98.877067
100.0,100,98.909308
100.0,100,98.941077
100.0,100,98.97236
100.0,100,99.00493
98.0,100,99.036479
100.0,100,99.067424
100.0,100,99.097434
98.0,100,99.1282
100.0,100,99.158626
100.0,100,99.189622
100.0,100,99.219953
100.0,100,99.251396
100.0,100,99.283052
100.0,100,99.315621
100.0,100,99.349708
98.0,100,99.382021
100.0,100,99.41336
100.0,100,99.443978
98.0,100,99.47586
98.0,100,99.507062
98.0,100,99.538699
100.0,100,99.572568
100.0,100,99.604743
100.0,100,99.636535
98.0,100,99.668542
96.0,100,99.700349
100.0,100,99.732457
100.0,100,99.765025
100.0,100,99.796704
98.0,100,99.828415
100.0,100,99.860922
100.0,100,99.895379
100.0,100,99.928258
100.0,100,99.961533
100.0,100,99.994993
98.0,100,100.029865
100.0,100,100.064816
100.0,100,100.09721
100.0,100,100.13237
100.0,100,100.166366
100.0,100,100.200195
100.0,100,100.234498
100.0,100,100.268837
98.0,100,100.305278
98.0,100,100.340547
100.0,100,100.375407
100.0,100,100.409679
100.0,100,100.443506
100.0,100,100.477026
100.0,100,100.50975
100.0,100,100.542696
98.0,100,100.579662
98.0,100,100.623063
100.0,100,100.657465
98.0,100,100.691441
100.0,100,100.725566
100.0,100,100.758316
100.0,100,100.790617
96.0,100,100.823792
100.0,100,100.858772
100.0,100,100.89127
100.0,100,100.925403
100.0,100,100.958033
100.0,100,100.992727
100.0,100,101.024897
98.0,100,101.058406
100.0,100,101.091328
100.0,100,101.125117
100.0,100,101.157274
98.0,100,101.189572
100.0,100,101.222053
100.0,100,101.254816
100.0,100,101.287993
100.0,100,101.321367
100.0,100,101.355645
100.0,100,101.388642
100.0,100,101.423264
100.0,100,101.45775
98.0,100,101.488859
100.0,100,101.520097
100.0,100,101.552109
100.0,100,101.585414
100.0,100,101.625689
98.0,100,101.662266
100.0,100,101.698556
100.0,100,101.731347
100.0,100,101.765529
100.0,100,101.799256
100.0,100,101.839609
100.0,100,101.875141
100.0,100,101.908392
94.0,100,101.941788
100.0,100,101.975898
98.0,100,102.008427
100.0,100,102.041503
100.0,100,102.076137
100.0,100,102.111144
96.0,100,102.145831
100.0,100,102.178093
98.0,100,102.211111
100.0,100,102.246145
100.0,100,102.279818
100.0,100,102.314515
100.0,100,102.349394
100.0,100,102.383294
100.0,100,102.417534
100.0,100,102.452297
100.0,100,102.486009
96.0,100,102.518004
100.0,100,102.553141
100.0,100,102.586433
100.0,100,102.620938
100.0,100,102.652847
98.0,100,102.684689
100.0,100,102.715145
100.0,100,102.746424
100.0,100,102.779612
100.0,100,102.81238
100.0,100,102.844688
100.0,100,102.877371
100.0,100,102.910885
98.0,100,102.942966
100.0,100,102.977201
100.0,100,103.01015
100.0,100,103.041925
100.0,100,103.07537
98.0,100,103.108203
100.0,100,103.142578
98.0,100,103.177528
100.0,100,103.21048
100.0,100,103.244568
100.0,100,103.276121
98.0,100,103.309983
100.0,100,103.342857
100.0,100,103.374272
100.0,100,103.406987
98.0,100,103.43951
98.0,100,103.472226
98.0,100,103.505236
98.0,100,103.538585
100.0,100,103.570508
100.0,100,103.603927
100.0,100,103.636726
98.0,100,103.667133
100.0,100,103.698388
98.0,100,103.732517
98.0,100,103.76575
100.0,100,103.797556
100.0,100,103.830828
100.0,100,103.864698
98.0,100,103.897917
98.0,100,103.931108
96.0,100,103.965831
100.0,100,104.000531
100.0,100,104.033341
100.0,100,104.066895
100.0,100,104.100676
100.0,100,104.133758
100.0,100,104.166468
100.0,100,104.199165
98.0,100,104.231113
98.0,100,104.262808
100.0,100,104.295354
100.0,100,104.32805
100.0,100,104.362938
100.0,100,104.396859
100.0,100,104.430436
100.0,100,104.463059
100.0,100,104.494819
100.0,100,104.527906
100.0,100,104.559986
100.0,100,104.592886
100.0,100,104.624032
100.0,100,104.656627
100.0,100,104.688063
98.0,100,104.719961
100.0,100,104.752131
98.0,100,104.785667
100.0,100,104.817254
100.0,100,104.848294
98.0,100,104.881246
100.0,100,104.912876
100.0,100,104.945461
100.0,100,104.979806
98.0,100,105.010659
100.0,100,105.042631
100.0,100,105.076323
100.0,100,105.109704
100.0,100,105.14271
100.0,100,105.174496
100.0,100,105.207989
100.0,100,105.241336
100.0,100,105.273822
100.0,100,105.307316
100.0,100,105.340343
98.0,100,105.374724
98.0,100,105.408322
100.0,100,105.441375
100.0,100,105.47571
98.0,100,105.508326
98.0,100,105.541986
100.0,100,105.575928
100.0,100,105.610591
100.0,100,105.645496
98.0,100,105.679306
98.0,100,105.713435
100.0,100,105.747093
98.0,100,105.77968
98.0,100,105.813456
100.0,100,105.845091
100.0,100,105.877969
98.0,100,105.911167
98.0,100,105.944199
98.0,100,105.97796
100.0,100,106.010602
100.0,100,106.043481
100.0,100,106.077334
100.0,100,106.108827
100.0,100,106.141816
96.0,100,106.177578
100.0,100,106.210495
100.0,100,106.274988
98.0,100,106.309811
100.0,100,106.342927
100.0,100,106.376209
100.0,100,106.41121
100.0,100,106.44389
100.0,100,106.476753
100.0,100,106.510731
100.0,100,106.54452
100.0,100,106.578654
100.0,100,106.613161
100.0,100,106.64729
100.0,100,106.679895
100.0,100,106.713965
100.0,100,106.746131
98.0,100,106.780214
98.0,100,106.812232
98.0,100,106.845341
100.0,100,106.877904
100.0,100,106.911741
100.0,100,106.945638
100.0,100,106.982504
100.0,100,107.016584
100.0,100,107.050591
100.0,100,107.08545
100.0,100,107.120654
100.0,100,107.154428
100.0,100,107.187916
100.0,100,107.220617
100.0,100,107.252373
98.0,100,107.28682
96.0,100,107.32024
100.0,100,107.353834
100.0,100,107.386159
100.0,100,107.419408
100.0,100,107.453238
98.0,100,107.487144
98.0,100,107.520457
100.0,100,107.554785
100.0,100,107.604313
100.0,100,107.652244
96.0,100,107.687527
98.0,100,107.720793
100.0,100,107.753604
100.0,100,107.785172
100.0,100,107.81853
100.0,100,107.853107
100.0,100,107.884599
100.0,100,107.916915
100.0,100,107.948763
100.0,100,107.982126
96.0,100,108.015384
100.0,100,108.04843
100.0,100,108.081051
100.0,100,108.113185
100.0,100,108.146166
100.0,100,108.179272
100.0,100,108.212844
100.0,100,108.245904
100.0,100,108.279254
100.0,100,108.311979
100.0,100,108.344119
100.0,100,108.377674
100.0,100,108.409785
100.0,100,108.441849
100.0,100,108.474456
100.0,100,108.508219
100.0,100,108.541377
100.0,100,108.574939
100.0,100,108.608084
100.0,100,108.642871
100.0,100,108.675708
98.0,100,108.708419
98.0,100,108.741578
98.0,100,108.77536
98.0,100,108.809281
100.0,100,108.842388
100.0,100,108.875706
98.0,100,108.908703
100.0,100,108.942642
98.0,100,108.976045
100.0,100,109.008566
100.0,100,109.04261
100.0,100,109.076861
100.0,100,109.110523
100.0,100,109.143314
100.0,100,109.177465
98.0,100,109.209402
100.0,100,109.241677
98.0,100,109.274639
98.0,100,109.307756
98.0,100,109.342226
100.0,100,109.376408
98.0,100,109.410608
100.0,100,109.44582
100.0,100,109.480817
100.0,100,109.514525
100.0,100,109.560738
100.0,100,109.597319
100.0,100,109.630673
100.0,100,109.663331
100.0,100,109.697747
100.0,100,109.731358
100.0,100,109.765014
94.0,100,109.798395
100.0,100,109.832041
94.0,100,109.864952
98.0,100,109.898961
100.0,100,109.932218
100.0,100,109.965491
100.0,100,110.000772
100.0,100,110.034009
100.0,100,110.068111
100.0,100,110.102308
98.0,100,110.135617
100.0,100,110.168146
98.0,100,110.209533
100.0,100,110.243778
100.0,100,110.279194
100.0,100,110.3131
100.0,100,110.346946
100.0,100,110.381578
100.0,100,110.413971
100.0,100,110.449737
100.0,100,110.483858
100.0,100,110.519665
100.0,100,110.552635
100.0,100,110.585195
98.0,100,110.618187
100.0,100,110.652195
100.0,100,110.686019
100.0,100,110.720642
100.0,100,110.754799
100.0,100,110.787137
100.0,100,110.821173
100.0,100,110.854163
100.0,100,110.887486
100.0,100,110.921826
100.0,100,110.955656
100.0,100,110.990668
100.0,100,111.025942
100.0,100,111.181839
100.0,100,111.216326
100.0,100,111.251562
100.0,100,111.284562
100.0,100,111.320399
100.0,100,111.358264
100.0,100,111.392306
100.0,100,111.42751
100.0,100,111.461341
96.0,100,111.496936
100.0,100,111.529713
100.0,100,111.563678
100.0,100,111.601157
100.0,100,111.635007
100.0,100,111.668262
100.0,100,111.701847
100.0,100,111.735327
100.0,100,111.769507
98.0,100,111.804497
100.0,100,111.838229
100.0,100,111.871842
100.0,100,111.906716
100.0,100,111.939914
100.0,100,111.973142
98.0,100,112.00705
100.0,100,112.039939
98.0,100,112.07354
100.0,100,112.106491
100.0,100,112.138213
94.0,100,112.170775
98.0,100,112.203475
100.0,100,112.240017
100.0,100,112.27292
100.0,100,112.306047
100.0,100,112.340467
100.0,100,112.374227
100.0,100,112.406766
100.0,100,112.439976
100.0,100,112.473402
100.0,100,112.506483
100.0,100,112.540496
100.0,100,112.574314
100.0,100,112.606748
100.0,100,112.638752
100.0,100,112.673044
100.0,100,112.705018
100.0,100,112.738365
100.0,100,112.771721
100.0,100,112.803772
100.0,100,112.836377
100.0,100,112.870908
100.0,100,112.903252
100.0,100,112.935657
100.0,100,112.967896
100.0,100,113.001485
100.0,100,113.035254
100.0,100,113.068433
100.0,100,113.102477
100.0,100,113.135782
100.0,100,113.168877
100.0,100,113.202638
100.0,100,113.234773
100.0,100,113.267835
100.0,100,113.300982
100.0,100,113.333765
98.0,100,113.368682
98.0,100,113.40179
100.0,100,113.436308
98.0,100,113.469042
100.0,100,113.5016
100.0,100,113.534728
100.0,100,113.568215
96.0,100,113.601518
100.0,100,113.634833
98.0,100,113.668347
98.0,100,113.700805
100.0,100,113.733363
100.0,100,113.766661
100.0,100,113.800649
94.0,100,113.833493
100.0,100,113.866247
100.0,100,113.899054
100.0,100,113.932442
100.0,100,113.964969
98.0,100,113.998043
100.0,100,114.032864
100.0,100,114.066076
100.0,100,114.099518
100.0,100,114.149166
96.0,100,114.196553
100.0,100,114.230208
100.0,100,114.262409
100.0,100,114.29456
100.0,100,114.32783
98.0,100,114.361469
100.0,100,114.395653
98.0,100,114.428966
100.0,100,114.461726
100.0,100,114.495155
98.0,100,114.528877
100.0,100,114.561108
100.0,100,114.595078
98.0,100,114.629945
98.0,100,114.664026
100.0,100,114.698803
100.0,100,114.731332
100.0,100,114.764988
100.0,100,114.797312
98.0,100,114.829879
100.0,100,114.862565
98.0,100,114.895553
100.0,100,114.928528
100.0,100,114.961828
100.0,100,114.994523
100.0,100,115.028407
100.0,100,115.062049
98.0,100,115.095196
98.0,100,115.128824
96.0,100,115.161066
98.0,100,115.193966
100.0,100,115.227585
100.0,100,115.261345
100.0,100,115.29561
100.0,100,115.329511
100.0,100,115.363936
100.0,100,115.396514
100.0,100,115.43039
100.0,100,115.463519
100.0,100,115.496155
100.0,100,115.528733
100.0,100,115.562849
100.0,100,115.596507
100.0,100,115.629349
100.0,100,115.664711
98.0,100,115.699715
100.0,100,115.733054
100.0,100,115.765924
100.0,100,115.799366
100.0,100,115.832595
100.0,100,115.864902
100.0,100,115.896679
100.0,100,115.928999
100.0,100,115.962628
100.0,100,115.996986
100.0,100,116.030285
100.0,100,116.062758
100.0,100,116.095033
100.0,100,116.128176
100.0,100,116.161409
98.0,100,116.19414
100.0,100,116.228723
100.0,100,116.261764
98.0,100,116.296141
98.0,100,116.329719
100.0,100,116.363471
100.0,100,116.396179
100.0,100,116.429376
100.0,100,116.462593
100.0,100,116.494002
100.0,100,116.526688
100.0,100,116.561569
100.0,100,116.59509
100.0,100,116.628837
96.0,100,116.662926
100.0,100,116.695644
100.0,100,116.727948
100.0,100,116.760294
100.0,100,116.79316
100.0,100,116.826302
100.0,100,116.859692
96.0,100,116.894626
100.0,100,116.928118
98.0,100,116.961028
100.0,100,116.993999
100.0,100,117.02538
100.0,100,117.05957
98.0,100,117.092758
98.0,100,117.125894
100.0,100,117.159498
98.0,100,117.192818
100.0,100,117.226694
100.0,100,117.260171
100.0,100,117.295291
100.0,100,117.329176
100.0,100,117.363046
100.0,100,117.396432
100.0,100,117.431168
100.0,100,117.465209
100.0,100,117.497515
100.0,100,117.532443
100.0,100,117.565713
100.0,100,117.598332
100.0,100,117.631886
100.0,100,117.664934
100.0,100,117.699338
100.0,100,117.732473
100.0,100,117.76675
100.0,100,117.79944
100.0,100,117.831824
100.0,100,117.865268
100.0,100,117.899291
100.0,100,117.933019
100.0,100,117.966864
100.0,100,118.001
100.0,100,118.035276
96.0,100,118.068681
100.0,100,118.101751
100.0,100,118.134762
100.0,100,118.167768
98.0,100,118.201378
100.0,100,118.236883
100.0,100,118.269199
100.0,100,118.303935
98.0,100,118.337938
98.0,100,118.372316
100.0,100,118.406293
100.0,100,118.439074
100.0,100,118.470372
100.0,100,118.503402
98.0,100,118.537381
98.0,100,118.569717
100.0,100,118.601647
100.0,100,118.635539
100.0,100,118.66905
100.0,100,118.701505
100.0,100,118.735331
100.0,100,118.769716
100.0,100,118.802906
100.0,100,118.835347
100.0,100,118.870372
100.0,100,118.903831
100.0,100,118.938394
100.0,100,118.971491
100.0,100,119.00739
100.0,100,119.041176
98.0,100,119.073377
100.0,100,119.107971
100.0,100,119.140507
98.0,100,119.172964
100.0,100,119.206681
100.0,100,119.240935
100.0,100,119.27438
100.0,100,119.306526
100.0,100,119.339962
100.0,100,119.373757
100.0,100,119.407251
100.0,100,119.441078
100.0,100,119.475134
98.0,100,119.509071
100.0,100,119.541742
98.0,100,119.574475
100.0,100,119.604743
98.0,100,119.635205
100.0,100,119.668099
98.0,100,119.701244
100.0,100,119.734988
94.0,100,119.767153
100.0,100,119.800037
100.0,100,119.832367
100.0,100,119.866877
100.0,100,119.900273
100.0,100,119.93313
98.0,100,119.972033
100.0,100,120.006978
98.0,100,120.042629
100.0,100,120.074087
100.0,100,120.108322
98.0,100,120.143279
100.0,100,120.176702
100.0,100,120.212525
100.0,100,120.24664
100.0,100,120.279766
100.0,100,120.312571
100.0,100,120.347107
96.0,100,120.381498
100.0,100,120.414012
100.0,100,120.447967
100.0,100,120.482647
98.0,100,120.515864
100.0,100,120.548347
98.0,100,120.582332
100.0,100,120.615392
100.0,100,120.647917
98.0,100,120.68179
100.0,100,120.714068
98.0,100,120.746054
98.0,100,120.779328
100.0,100,120.813827
100.0,100,120.846845
100.0,100,120.880814
100.0,100,120.915337
100.0,100,120.948669
100.0,100,120.982759
100.0,100,121.016368
98.0,100,121.049948
100.0,100,121.083237
100.0,100,121.115789
100.0,100,121.150075
98.0,100,121.183996
100.0,100,121.216978
98.0,100,121.250394
100.0,100,121.284956
100.0,100,121.318022
100.0,100,121.351748
100.0,100,121.384421
100.0,100,121.416496
98.0,100,121.449931
100.0,100,121.483543
98.0,100,121.517474
100.0,100,121.550701
100.0,100,121.584571
100.0,100,121.617695
100.0,100,121.650144
100.0,100,121.683435
98.0,100,121.717192
100.0,100,121.750174
98.0,100,121.783034
98.0,100,121.81581
100.0,100,121.850021
100.0,100,121.890657
100.0,100,121.925096
100.0,100,121.960422
100.0,100,121.995188
100.0,100,122.029871
100.0,100,122.063927
100.0,100,122.104119
100.0,100,122.140848
100.0,100,122.175604
100.0,100,122.209012
100.0,100,122.241051
100.0,100,122.275342
98.0,100,122.310238
100.0,100,122.343399
100.0,100,122.377899
100.0,100,122.412058
96.0,100,122.446486
100.0,100,122.480417
100.0,100,122.513652
100.0,100,122.547267
100.0,100,122.582771
100.0,100,122.616009
100.0,100,122.64936
100.0,100,122.682665
98.0,100,122.716671
100.0,100,122.749679
100.0,100,122.783908
98.0,100,122.819095
100.0,100,122.850979
100.0,100,122.881911
100.0,100,122.914606
100.0,100,122.94771
100.0,100,122.982612
100.0,100,123.016746
100.0,100,123.051949
98.0,100,123.085474
100.0,100,123.119689
100.0,100,123.155398
100.0,100,123.188827
98.0,100,123.2247
100.0,100,123.258881
98.0,100,123.293452
100.0,100,123.327489
100.0,100,123.361213
100.0,100,123.395098
100.0,100,123.429688
100.0,100,123.464891
100.0,100,123.498827
98.0,100,123.532913
100.0,100,123.568046
100.0,100,123.602719
100.0,100,123.636195
98.0,100,123.671692
98.0,100,123.707113
100.0,100,123.741516
98.0,100,123.775236
100.0,100,123.810297
100.0,100,123.843912
100.0,100,123.879502
100.0,100,123.915051
100.0,100,123.948647
100.0,100,123.982431
100.0,100,124.015951
100.0,100,124.049171
100.0,100,124.083049
96.0,100,124.118492
100.0,100,124.154353
100.0,100,124.188465
100.0,100,124.223052
100.0,100,124.258266
100.0,100,124.292989
100.0,100,124.328109
100.0,100,124.361882
100.0,100,124.39519
98.0,100,124.429886
100.0,100,124.464187
81.0,81,125.349915
100.0,100,125.605829
100.0,100,125.859268
100.0,100,126.115037
100.0,100,126.369412
79.0,81,126.564644
90.0,100,126.599095
100.0,100,126.632242
100.0,100,126.666553
98.0,100,126.702016
100.0,100,126.735041
100.0,100,126.769403
100.0,100,126.803315
100.0,100,126.835998
100.0,100,126.870458
100.0,100,126.905403
100.0,100,126.939659
100.0,100,126.973097
100.0,100,127.007671
100.0,100,127.04056
100.0,100,127.073469
100.0,100,127.107173
100.0,100,127.140977
100.0,100,127.17483
100.0,100,127.208977
100.0,100,127.242037
100.0,100,127.275761
100.0,100,127.309441
100.0,100,127.343683
100.0,100,127.37626
100.0,100,127.409636
98.0,100,127.444259
100.0,100,127.477348
100.0,100,127.51104
100.0,100,127.545127
100.0,100,127.57823
100.0,100,127.610969
100.0,100,127.645062
100.0,100,127.678504
100.0,100,127.71192
98.0,100,127.745829
100.0,100,127.78113
100.0,100,127.814468
100.0,100,127.847653
98.0,100,127.88096
98.0,100,127.914708
98.0,100,127.948229
100.0,100,127.982262
100.0,100,128.015513
100.0,100,128.048951
100.0,100,128.08287
100.0,100,128.116199
100.0,100,128.150726
98.0,100,128.184262
100.0,100,128.218783
100.0,100,128.252957
100.0,100,128.286514
92.0,100,128.31836
100.0,100,128.352578
100.0,100,128.387052
98.0,100,128.419853
100.0,100,128.453263
100.0,100,128.487713
98.0,100,128.521278
100.0,100,128.555775
100.0,100,128.590628
100.0,100,128.625351
100.0,100,128.658429
98.0,100,128.692551
100.0,100,128.726398
100.0,100,128.759793
100.0,100,128.793224
100.0,100,128.827058
100.0,100,128.860483
92.0,100,128.89503
100.0,100,128.928546
100.0,100,128.960963
100.0,100,128.995076
100.0,100,129.028925
98.0,100,129.06312
98.0,100,129.096395
100.0,100,129.130314
100.0,100,129.164225
100.0,100,129.19726
100.0,100,129.23085
100.0,100,129.264745
100.0,100,129.297255
100.0,100,129.331225
100.0,100,129.363589
100.0,100,129.396982
100.0,100,129.429441
100.0,100,129.463708
100.0,100,129.497256
100.0,100,129.530431
100.0,100,129.564251
100.0,100,129.59853
100.0,100,129.632475
98.0,100,129.665001
100.0,100,129.698787
100.0,100,129.731405
100.0,100,129.764735
100.0,100,129.799521
100.0,100,129.833322
96.0,100,129.866697
100.0,100,129.900002
98.0,100,129.934537
100.0,100,129.969005
92.0,100,130.001871
100.0,100,130.035024
100.0,100,130.069748
100.0,100,130.102299
100.0,100,130.136721
100.0,100,130.170532
100.0,100,130.204117
100.0,100,130.238507
100.0,100,130.271238
100.0,100,130.304637
100.0,100,130.337967
100.0,100,130.372378
100.0,100,130.407087
98.0,100,130.441353
100.0,100,130.475413
100.0,100,130.510466
100.0,100,130.5439
98.0,100,130.577573
100.0,100,130.612213
100.0,100,130.64433
100.0,100,130.676401
100.0,100,130.711316
100.0,100,130.746046
98.0,100,130.777813
100.0,100,130.811214
98.0,100,130.842427
100.0,100,130.87376
100.0,100,130.905428
100.0,100,130.938496
100.0,100,130.970552
100.0,100,131.002936
100.0,100,131.034459
100.0,100,131.066995
98.0,100,131.101915
100.0,100,131.133829
100.0,100,131.165539
98.0,100,131.197398
96.0,100,131.231241
98.0,100,131.264136
100.0,100,131.29623
98.0,100,131.329072
100.0,100,131.36035
100.0,100,131.392147
100.0,100,131.424331
100.0,100,131.456585
98.0,100,131.489757
100.0,100,131.522733
100.0,100,131.555965
100.0,100,131.590757
100.0,100,131.625023
98.0,100,131.659925
100.0,100,131.693467
98.0,100,131.727648
96.0,100,131.760723
98.0,100,131.793844
100.0,100,131.826848
98.0,100,131.860306
100.0,100,131.895284
100.0,100,131.934355
100.0,100,131.968795
100.0,100,132.00416
100.0,100,132.036867
100.0,100,132.070804
100.0,100,132.106256
100.0,100,132.148946
98.0,100,132.182555
100.0,100,132.216178
100.0,100,132.250515
96.0,100,132.284984
90.0,100,132.317911
100.0,100,132.353155
100.0,100,132.387782
100.0,100,132.422023
100.0,100,132.457029
100.0,100,132.49071
100.0,100,132.523818
100.0,100,132.556659
98.0,100,132.590916
96.0,100,132.623707
100.0,100,132.657235
100.0,100,132.688903
98.0,100,132.721337
98.0,100,132.75397
98.0,100,132.787002
90.0,100,132.820889
100.0,100,132.85358
98.0,100,132.886928
100.0,100,132.921472
100.0,100,132.954466
100.0,100,132.986751
98.0,100,133.019786
100.0,100,133.053325
96.0,100,133.085574
98.0,100,133.119438
98.0,100,133.151432
100.0,100,133.18403
100.0,100,133.216002
100.0,100,133.24736
98.0,100,133.280628
98.0,100,133.314046
100.0,100,133.346147
100.0,100,133.379747
98.0,100,133.412529
100.0,100,133.445322
100.0,100,133.478606
96.0,100,133.512655
100.0,100,133.54663
98.0,100,133.579116
98.0,100,133.612955
100.0,100,133.671697
100.0,100,133.706891
100.0,100,133.742608
100.0,100,133.778616
100.0,100,133.810794
100.0,100,133.845593
98.0,100,133.880453
100.0,100,133.913047
92.0,100,133.946739
100.0,100,133.979973
96.0,100,134.012865
100.0,100,134.046788
100.0,100,134.080385
100.0,100,134.112549
100.0,100,134.145769
98.0,100,134.178757
100.0,100,134.211305
100.0,100,134.245321
94.0,100,134.278814
100.0,100,134.311189
100.0,100,134.345896
100.0,100,134.380285
100.0,100,134.412461
100.0,100,134.446306
100.0,100,134.479545
100.0,100,134.51262
100.0,100,134.544811
100.0,100,134.5781
100.0,100,134.611797
96.0,100,134.644751
100.0,100,134.676716
100.0,100,134.710581
94.0,100,134.742937
100.0,100,134.778113
96.0,100,134.810547
98.0,100,134.844249
100.0,100,134.875036
98.0,100,134.907794
100.0,100,134.940624
98.0,100,134.972928
100.0,100,135.006692
100.0,100,135.040044
100.0,100,135.07397
100.0,100,135.10899
90.0,100,135.143197
98.0,100,135.175457
98.0,100,135.208123
100.0,100,135.239989
100.0,100,135.275033
98.0,100,135.308096
100.0,100,135.340466
100.0,100,135.373123
100.0,100,135.406863
100.0,100,135.441469
98.0,100,135.476108
100.0,100,135.509571
100.0,100,135.544371
100.0,100,135.577945
96.0,100,135.611605
100.0,100,135.651489
100.0,100,135.686383
100.0,100,135.719884
98.0,100,135.754205
100.0,100,135.788447
100.0,100,135.821613
100.0,100,135.854344
100.0,100,135.889671
100.0,100,135.923453
100.0,100,135.956676
100.0,100,135.988478
100.0,100,136.023517
98.0,100,136.056614
100.0,100,136.091309
100.0,100,136.124687
100.0,100,136.156157
98.0,100,136.191153
98.0,100,136.223948
98.0,100,136.257855
100.0,100,136.291213
100.0,100,136.324968
100.0,100,136.358372
100.0,100,136.392951
100.0,100,136.429527
98.0,100,136.468251
100.0,100,136.507722
98.0,100,136.545995
98.0,100,136.592884
100.0,100,136.626807
100.0,100,136.660079
100.0,100,136.693491
100.0,100,136.741452
100.0,100,136.773653
100.0,100,136.809173
100.0,100,136.843056
98.0,100,136.876903
100.0,100,136.912072
100.0,100,136.947213
100.0,100,136.979385
96.0,100,137.014393
100.0,100,137.048899
100.0,100,137.08239
100.0,100,137.115458
100.0,100,137.149956
100.0,100,137.183229
100.0,100,137.217305
94.0,100,137.25127
100.0,100,137.284625
100.0,100,137.31877
100.0,100,137.352462
98.0,100,137.387363
100.0,100,137.421415
100.0,100,137.454854
96.0,100,137.487666
100.0,100,137.520452
100.0,100,137.55389
98.0,100,137.586241
98.0,100,137.620406
100.0,100,137.653334
100.0,100,137.687313
98.0,100,137.720529
100.0,100,137.755251
100.0,100,137.788744
100.0,100,137.821875
100.0,100,137.855797
100.0,100,137.889588
100.0,100,137.924351
98.0,100,137.957619
100.0,100,137.990183
100.0,100,138.023636
100.0,100,138.056289
88.0,100,138.090275
98.0,100,138.125375
100.0,100,138.160069
98.0,100,138.193913
100.0,100,138.22741
100.0,100,138.262224
100.0,100,138.296756
100.0,100,138.330753
100.0,100,138.365847
100.0,100,138.397708
98.0,100,138.431913
100.0,100,138.465418
98.0,100,138.498089
100.0,100,138.531595
100.0,100,138.564741
100.0,100,138.597518
94.0,100,138.631473
98.0,100,138.664411
100.0,100,138.699352
100.0,100,138.732896
96.0,100,138.76767
100.0,100,138.801081
100.0,100,138.833384
98.0,100,138.867566
98.0,100,138.901956
100.0,100,138.937974
100.0,100,138.972439
100.0,100,139.006344
98.0,100,139.040997
100.0,100,139.073993
100.0,100,139.110168
100.0,100,139.143737
100.0,100,139.176952
100.0,100,139.209242
96.0,100,139.244271
96.0,100,139.278334
100.0,100,139.311216
100.0,100,139.346606
100.0,100,139.380821
100.0,100,139.414997
100.0,100,139.44683
98.0,100,139.479312
100.0,100,139.513348
100.0,100,139.546904
100.0,100,139.580225
100.0,100,139.615949
100.0,100,139.650327
100.0,100,139.683544
100.0,100,139.717442
100.0,100,139.777515
100.0,100,139.813381
100.0,100,139.846893
100.0,100,139.882696
96.0,100,139.918333
96.0,100,139.951888
100.0,100,139.986945
98.0,100,140.020504
100.0,100,140.056007
100.0,100,140.090313
100.0,100,140.123663
100.0,100,140.157525
98.0,100,140.190686
100.0,100,140.22532
94.0,100,140.259925
100.0,100,140.293471
100.0,100,140.328828
100.0,100,140.362328
100.0,100,140.395613
94.0,100,140.429843
100.0,100,140.463142
100.0,100,140.497485
100.0,100,140.530075
100.0,100,140.562511
100.0,100,140.596923
100.0,100,140.630532
100.0,100,140.662863
100.0,100,140.695998
100.0,100,140.729463
100.0,100,140.761806
100.0,100,140.79489
96.0,100,140.828598
100.0,100,140.863886
100.0,100,140.896357
100.0,100,140.930155
100.0,100,140.962882
100.0,100,140.996463
100.0,100,141.028462
100.0,100,141.061438
100.0,100,141.095086
98.0,100,141.127238
98.0,100,141.161326
100.0,100,141.194242
100.0,100,141.227432
100.0,100,141.260025
100.0,100,141.294222
98.0,100,141.325205
98.0,100,141.359394
100.0,100,141.394359
100.0,100,141.427146
100.0,100,141.459405
100.0,100,141.49315
100.0,100,141.525377
98.0,100,141.558715
100.0,100,141.59191
98.0,100,141.626888
100.0,100,141.66009
100.0,100,141.694203
100.0,100,141.727365
100.0,100,141.761342
100.0,100,141.795293
100.0,100,141.827756
100.0,100,141.861119
100.0,100,141.894985
100.0,100,141.927955
100.0,100,141.960646
100.0,100,141.99335
100.0,100,142.0275
100.0,100,142.060326
100.0,100,142.09384
100.0,100,142.128295
100.0,100,142.160961
100.0,100,142.193915
100.0,100,142.228677
98.0,100,142.262965
100.0,100,142.295183
100.0,100,142.327272
100.0,100,142.361432
98.0,100,142.39613
96.0,100,142.429018
96.0,100,142.461455
100.0,100,142.495211
100.0,100,142.529294
100.0,100,142.562706
100.0,100,142.599222
100.0,100,142.633428
100.0,100,142.668164
100.0,100,142.700741
100.0,100,142.732737
100.0,100,142.764771
98.0,100,142.797935
100.0,100,142.829733
100.0,100,142.863006
100.0,100,142.895253
98.0,100,142.930191
98.0,100,142.964535
100.0,100,142.998358
96.0,100,143.03165
100.0,100,143.063684
100.0,100,143.098422
100.0,100,143.162848
100.0,100,143.197347
96.0,100,143.229829
100.0,100,143.264525
100.0,100,143.297445
100.0,100,143.329435
100.0,100,143.36506
100.0,100,143.399348
96.0,100,143.43321
100.0,100,143.46719
98.0,100,143.500748
100.0,100,143.534108
100.0,100,143.567869
98.0,100,143.600924
100.0,100,143.633285
100.0,100,143.666765
100.0,100,143.699473
100.0,100,143.730481
100.0,100,143.764056
100.0,100,143.797824
100.0,100,143.840697
100.0,100,143.872886
100.0,100,143.90549
100.0,100,143.938963
100.0,100,143.9708
100.0,100,144.004751
100.0,100,144.039033
100.0,100,144.071138
100.0,100,144.104504
98.0,100,144.136679
100.0,100,144.169036
100.0,100,144.202591
98.0,100,144.235264
100.0,100,144.270687
100.0,100,144.303182
98.0,100,144.335493
100.0,100,144.368538
100.0,100,144.402063
100.0,100,144.435007
98.0,100,144.469692
100.0,100,144.50181
100.0,100,144.535944
96.0,100,144.569675
100.0,100,144.603326
98.0,100,144.63873
100.0,100,144.672647
98.0,100,144.705486
100.0,100,144.738921
98.0,100,144.7724
100.0,100,144.80483
100.0,100,144.838982
100.0,100,144.872933
100.0,100,144.905712
100.0,100,144.940193
100.0,100,144.973052
100.0,100,145.006829
100.0,100,145.039449
100.0,100,145.073245
100.0,100,145.107709
98.0,100,145.141455
98.0,100,145.175761
98.0,100,145.209184
98.0,100,145.242323
100.0,100,145.275494
96.0,100,145.30945
100.0,100,145.34289
100.0,100,145.376037
100.0,100,145.412607
100.0,100,145.446282
100.0,100,145.479532
100.0,100,145.513393
100.0,100,145.546393
100.0,100,145.579911
100.0,100,145.612283
100.0,100,145.64671
98.0,100,145.680641
100.0,100,145.714733
96.0,100,145.746523
100.0,100,145.780341
98.0,100,145.813346
96.0,100,145.845476
100.0,100,145.879483
100.0,100,145.913252
100.0,100,145.946925
100.0,100,145.980579
100.0,100,146.012502
100.0,100,146.048404
100.0,100,146.081977
100.0,100,146.115233
100.0,100,146.149363
100.0,100,146.182343
100.0,100,146.216671
100.0,100,146.25008
100.0,100,146.284413
100.0,100,146.31675
98.0,100,146.35033
98.0,100,146.384427
100.0,100,146.419071
100.0,100,146.451773
100.0,100,146.48566
100.0,100,146.518695
98.0,100,146.552256
100.0,100,146.585343
98.0,100,146.620678
100.0,100,146.653394
100.0,100,146.686132
100.0,100,146.720676
100.0,100,146.753712
100.0,100,146.786834
98.0,100,146.821204
100.0,100,146.854598
100.0,100,146.887597
100.0,100,146.922521
98.0,100,146.955387
100.0,100,146.98944
100.0,100,147.024352
98.0,100,147.058931
98.0,100,147.094122
100.0,100,147.127421
100.0,100,147.158882
100.0,100,147.192548
100.0,100,147.226052
100.0,100,147.260138
100.0,100,147.292474
100.0,100,147.326392
96.0,100,147.35974
100.0,100,147.393832
100.0,100,147.427108
100.0,100,147.460106
100.0,100,147.493803
100.0,100,147.526824
100.0,100,147.559993
100.0,100,147.592891
100.0,100,147.626199
100.0,100,147.659137
100.0,100,147.692183
100.0,100,147.725398
98.0,100,147.759217
100.0,100,147.790435
96.0,100,147.824894
100.0,100,147.859016
100.0,100,147.890519
100.0,100,147.923881
96.0,100,147.957698
100.0,100,147.992427
100.0,100,148.025302
98.0,100,148.05866
100.0,100,148.090754
98.0,100,148.125076
98.0,100,148.159587
100.0,100,148.19433
100.0,100,148.227538
100.0,100,148.261147
98.0,100,148.293883
100.0,100,148.329472
100.0,100,148.363399
100.0,100,148.39709
100.0,100,148.431429
100.0,100,148.464737
100.0,100,148.498432
100.0,100,148.532139
100.0,100,148.565519
100.0,100,148.59832
100.0,100,148.631671
100.0,100,148.665011
96.0,100,148.698106
100.0,100,148.731597
100.0,100,148.763559
98.0,100,148.796961
98.0,100,148.829733
98.0,100,148.8621
98.0,100,148.896652
100.0,100,148.93048
100.0,100,148.963848
100.0,100,148.999294
100.0,100,149.03236
100.0,100,149.065724
100.0,100,149.098391
100.0,100,149.133063
100.0,100,149.166241
100.0,100,149.20077
98.0,100,149.234252
98.0,100,149.268266
100.0,100,149.301789
100.0,100,149.334924
100.0,100,149.367794
100.0,100,149.401321
96.0,100,149.435361
100.0,100,149.467622
98.0,100,149.500006
100.0,100,149.533309
100.0,100,149.56793
100.0,100,149.601224
100.0,100,149.635074
98.0,100,149.669046
100.0,100,149.701872
100.0,100,149.734742
100.0,100,149.767522
98.0,100,149.801049
100.0,100,149.833829
100.0,100,149.866586
100.0,100,149.899918
100.0,100,149.934183
100.0,100,149.967091
100.0,100,150.000088
100.0,100,150.032868
100.0,100,150.066373
100.0,100,150.100215
100.0,100,150.13399
98.0,100,150.165366
98.0,100,150.200701
100.0,100,150.233853
100.0,100,150.267643
100.0,100,150.302204
98.0,100,150.336683
100.0,100,150.370983
100.0,100,150.408787
100.0,100,150.443717
100.0,100,150.477161
100.0,100,150.511164
100.0,100,150.545615
100.0,100,150.578895
100.0,100,150.611989
98.0,100,150.646977
98.0,100,150.681332
100.0,100,150.714979
100.0,100,150.74732
98.0,100,150.781753
100.0,100,150.814847
100.0,100,150.850118
98.0,100,150.883526
100.0,100,150.918542
100.0,100,150.952473
100.0,100,150.985824
100.0,100,151.020413
100.0,100,151.054034
100.0,100,151.08852
100.0,100,151.122
100.0,100,151.156253
100.0,100,151.189418
98.0,100,151.222422
98.0,100,151.257264
100.0,100,151.291337
100.0,100,151.325142
100.0,100,151.358161
100.0,100,151.392338
100.0,100,151.425982
100.0,100,151.459812
100.0,100,151.493513
100.0,100,151.525764
100.0,100,151.559688
98.0,100,151.594984
100.0,100,151.627331
100.0,100,151.659678
98.0,100,151.69219
100.0,100,151.725114
98.0,100,151.758429
100.0,100,151.791699
100.0,100,151.824684
98.0,100,151.857921
100.0,100,151.889913
100.0,100,151.923735
98.0,100,151.957343
98.0,100,151.990327
100.0,100,152.023631
100.0,100,152.057725
100.0,100,152.090988
98.0,100,152.125415
100.0,100,152.190148
100.0,100,152.224911
98.0,100,152.257611
100.0,100,152.290855
100.0,100,152.325386
98.0,100,152.358263
100.0,100,152.390476
100.0,100,152.42502
100.0,100,152.459986
100.0,100,152.494052
94.0,100,152.526741
100.0,100,152.561201
100.0,100,152.594815
100.0,100,152.627097
98.0,100,152.660306
100.0,100,152.69436
100.0,100,152.728799
100.0,100,152.76334
100.0,100,152.797494
100.0,100,152.830932
100.0,100,152.863394
100.0,100,152.896828
100.0,100,152.929007
100.0,100,152.963328
100.0,100,152.996025
100.0,100,153.031887
100.0,100,153.064986
100.0,100,153.100001
100.0,100,153.134803
100.0,100,153.168837
100.0,100,153.204088
100.0,100,153.236981
100.0,100,153.269491
100.0,100,153.303959
100.0,100,153.337065
98.0,100,153.370949
100.0,100,153.403755
100.0,100,153.436808
100.0,100,153.47039
98.0,100,153.504557
94.0,100,153.53696
100.0,100,153.571075
98.0,100,153.606709
100.0,100,153.640371
98.0,100,153.672597
100.0,100,153.706297
100.0,100,153.741537
100.0,100,153.773333
100.0,100,153.807248
100.0,100,153.840356
98.0,100,153.873875
100.0,100,153.907934
100.0,100,153.940223
100.0,100,153.97502
100.0,100,154.009281
96.0,100,154.042042
98.0,100,154.074802
100.0,100,154.108993
100.0,100,154.142858
100.0,100,154.175856
100.0,100,154.209246
100.0,100,154.242183
100.0,100,154.274603
100.0,100,154.306766
100.0,100,154.339481
94.0,100,154.372854
100.0,100,154.407165
100.0,100,154.440567
100.0,100,154.47494
100.0,100,154.507555
100.0,100,154.540443
100.0,100,154.57187
100.0,100,154.605359
100.0,100,154.638698
100.0,100,154.672711
92.0,100,154.704426
100.0,100,154.737743
98.0,100,154.771206
100.0,100,154.803856
100.0,100,154.836924
100.0,100,154.870467
100.0,100,154.903542
100.0,100,154.936324
98.0,100,154.969901
100.0,100,155.004299
98.0,100,155.036612
100.0,100,155.069732
100.0,100,155.103476
100.0,100,155.137367
100.0,100,155.169331
100.0,100,155.205299
100.0,100,155.240757
98.0,100,155.274957
100.0,100,155.307903
100.0,100,155.342408
100.0,100,155.374362
100.0,100,155.408677
100.0,100,155.44289
100.0,100,155.485819
100.0,100,155.519719
100.0,100,155.553069
100.0,100,155.585725
100.0,100,155.621123
100.0,100,155.654756
100.0,100,155.686474
98.0,100,155.718186
100.0,100,155.749848
100.0,100,155.783081
98.0,100,155.816113
100.0,100,155.849068
98.0,100,155.882578
100.0,100,155.915685
98.0,100,155.948394
100.0,100,155.981775
98.0,100,156.015351
100.0,100,156.046461
100.0,100,156.078128
100.0,100,156.111939
100.0,100,156.144769
100.0,100,156.175787
100.0,100,156.207056
100.0,100,156.240368
98.0,100,156.274455
98.0,100,156.308471
100.0,100,156.341269
98.0,100,156.373141
100.0,100,156.405169
100.0,100,156.436578
100.0,100,156.469145
96.0,100,156.501066
100.0,100,156.533959
100.0,100,156.566778
100.0,100,156.60044
100.0,100,156.634927
100.0,100,156.667715
98.0,100,156.699518
100.0,100,156.731517
100.0,100,156.763682
100.0,100,156.796838
100.0,100,156.830827
100.0,100,156.864636
100.0,100,156.898423
100.0,100,156.929346
100.0,100,156.96072
100.0,100,156.993652
100.0,100,157.027804
96.0,100,157.062895
100.0,100,157.098556
100.0,100,157.134736
100.0,100,157.169442
100.0,100,157.204394
100.0,100,157.238855
100.0,100,157.273078
100.0,100,157.305954
100.0,100,157.339232
100.0,100,157.373015
98.0,100,157.408442
98.0,100,157.441126
100.0,100,157.479864
100.0,100,157.512564
100.0,100,157.545399
100.0,100,157.578111
100.0,100,157.609199
100.0,100,157.641873
100.0,100,157.673442
100.0,100,157.706596
100.0,100,157.739163
100.0,100,157.773628
100.0,100,157.807238
100.0,100,157.840474
100.0,100,157.873689
100.0,100,157.907573
100.0,100,157.940301
100.0,100,157.972033
98.0,100,158.005193
100.0,100,158.08766
98.0,100,158.120941
100.0,100,158.156856
100.0,100,158.191009
96.0,100,158.225606
98.0,100,158.259984
100.0,100,158.303403
100.0,100,158.3366
96.0,100,158.369706
100.0,100,158.404116
98.0,100,158.439802
100.0,100,158.472871
100.0,100,158.505299
100.0,100,158.538929
98.0,100,158.572737
100.0,100,158.605398
96.0,100,158.638364
96.0,100,158.672986
100.0,100,158.706601
96.0,100,158.739924
100.0,100,158.77328
100.0,100,158.807577
100.0,100,158.840558
100.0,100,158.873383
100.0,100,158.906909
98.0,100,158.940903
100.0,100,158.974701
100.0,100,159.007402
100.0,100,159.04248
100.0,100,159.075067
100.0,100,159.108823
98.0,100,159.142459
100.0,100,159.176372
100.0,100,159.210042
96.0,100,159.243641
100.0,100,159.277006
98.0,100,159.310488
98.0,100,159.343931
98.0,100,159.377714
100.0,100,159.410068
100.0,100,159.443331
100.0,100,159.476256
98.0,100,159.508865
98.0,100,159.542082
96.0,100,159.5767
100.0,100,159.609303
100.0,100,159.642703
100.0,100,159.67593
100.0,100,159.70768
100.0,100,159.741036
96.0,100,159.773381
96.0,100,159.806918
100.0,100,159.839947
100.0,100,159.872124
94.0,100,159.904536
100.0,100,159.936523
100.0,100,159.969012
98.0,100,160.002791
96.0,100,160.035766
100.0,100,160.068657
100.0,100,160.101052
98.0,100,160.134105
100.0,100,160.166694
100.0,100,160.201171
100.0,100,160.233095
100.0,100,160.26723
100.0,100,160.300449
100.0,100,160.33513
96.0,100,160.36839
100.0,100,160.401349
33.0,33,161.122595
100.0,100,161.155729
100.0,100,161.18935
100.0,100,161.223176
98.0,100,161.259954
100.0,100,161.293421
100.0,100,161.325536
100.0,100,161.356735
100.0,100,161.393122
100.0,100,161.425798
100.0,100,161.4587
96.0,100,161.490714
98.0,100,161.525291
100.0,100,161.557516
100.0,100,161.590257
100.0,100,161.623779
100.0,100,161.657644
100.0,100,161.692261
98.0,100,161.727049
100.0,100,161.758865
100.0,100,161.792178
100.0,100,161.826458
98.0,100,161.859784
100.0,100,161.892796
100.0,100,161.925567
100.0,100,161.959252
98.0,100,161.995898
100.0,100,162.05161
98.0,100,162.084259
100.0,100,162.118073
100.0,100,162.150629
100.0,100,162.18336
98.0,100,162.216231
100.0,100,162.249112
100.0,100,162.282454
98.0,100,162.316299
96.0,100,162.349065
100.0,100,162.380348
96.0,100,162.411461
98.0,100,162.444837
100.0,100,162.4769
100.0,100,162.509789
100.0,100,162.542241
100.0,100,162.576378
100.0,100,162.610645
100.0,100,162.644587
100.0,100,162.677127
98.0,100,162.711214
100.0,100,162.744734
98.0,100,162.777706
100.0,100,162.812006
100.0,100,162.845465
100.0,100,162.878493
100.0,100,162.912099
100.0,100,162.946317
100.0,100,162.980743
100.0,100,163.01406
100.0,100,163.047041
98.0,100,163.080718
100.0,100,163.11516
96.0,100,163.147583
100.0,100,163.180212
100.0,100,163.213368
100.0,100,163.246652
100.0,100,163.279799
100.0,100,163.312891
100.0,100,163.345309
100.0,100,163.378137
100.0,100,163.410299
100.0,100,163.443388
100.0,100,163.476229
100.0,100,163.509164
100.0,100,163.541656
100.0,100,163.57372
100.0,100,163.606437
100.0,100,163.638971
100.0,100,163.672609
100.0,100,163.706207
100.0,100,163.737782
100.0,100,163.770628
100.0,100,163.804197
98.0,100,163.837077
100.0,100,163.869764
100.0,100,163.903503
96.0,100,163.935602
100.0,100,163.967965
100.0,100,164.002215
100.0,100,164.034537
100.0,100,164.066262
100.0,100,164.099027
100.0,100,164.13323
100.0,100,164.16588
100.0,100,164.200222
100.0,100,164.233441
98.0,100,164.266527
100.0,100,164.300067
98.0,100,164.334604
100.0,100,164.367783
100.0,100,164.40133
100.0,100,164.436006
98.0,100,164.468562
100.0,100,164.50169
100.0,100,164.535407
100.0,100,164.568095
100.0,100,164.601016
100.0,100,164.634559
100.0,100,164.668461
100.0,100,164.702014
100.0,100,164.735307
100.0,100,164.76924
100.0,100,164.80361
100.0,100,164.837262
100.0,100,164.87005
100.0,100,164.903523
100.0,100,164.936861
100.0,100,164.969481
100.0,100,165.001906
94.0,100,165.034585
100.0,100,165.068132
100.0,100,165.101451
96.0,100,165.1343
98.0,100,165.168053
100.0,100,165.201418
100.0,100,165.234903
100.0,100,165.268281
100.0,100,165.302766
100.0,100,165.335313
100.0,100,165.36958
100.0,100,165.402761
100.0,100,165.435695
100.0,100,165.467482
100.0,100,165.50191
98.0,100,165.534437
98.0,100,165.567603
100.0,100,165.60047
100.0,100,165.632985
100.0,100,165.665519
100.0,100,165.69904
100.0,100,165.732061
100.0,100,165.764198
100.0,100,165.795742
100.0,100,165.828557
100.0,100,165.861783
98.0,100,165.894668
100.0,100,165.928191
100.0,100,165.960532
100.0,100,165.994028
100.0,100,166.02592
98.0,100,166.057619
100.0,100,166.09123
100.0,100,166.125422
100.0,100,166.158834
100.0,100,166.192975
94.0,100,166.226783
100.0,100,166.260459
100.0,100,166.293647
100.0,100,166.326116
98.0,100,166.357892
100.0,100,166.390897
100.0,100,166.423707
98.0,100,166.455511
100.0,100,166.489701
96.0,100,166.523241
100.0,100,166.556001
100.0,100,166.588343
100.0,100,166.621249
98.0,100,166.653811
96.0,100,166.686843
100.0,100,166.719393
98.0,100,166.750841
98.0,100,166.784176
100.0,100,166.817072
100.0,100,166.85211
100.0,100,166.887226
100.0,100,166.921582
100.0,100,166.954448
98.0,100,166.986407
100.0,100,167.018128
100.0,100,167.051229
100.0,100,167.084733
100.0,100,167.11703
100.0,100,167.259335
96.0,100,167.292831
100.0,100,167.326442
100.0,100,167.360356
100.0,100,167.394096
98.0,100,167.426614
100.0,100,167.458086
98.0,100,167.490539
96.0,100,167.523169
100.0,100,167.556465
100.0,100,167.590897
100.0,100,167.624449
100.0,100,167.65864
100.0,100,167.691975
100.0,100,167.725187
100.0,100,167.758155
100.0,100,167.792106
98.0,100,167.824922
100.0,100,167.859254
100.0,100,167.892987
100.0,100,167.925006
100.0,100,167.95712
98.0,100,167.989445
98.0,100,168.021638
100.0,100,168.054955
100.0,100,168.086802
100.0,100,168.118899
100.0,100,168.150358
98.0,100,168.184207
100.0,100,168.21763
100.0,100,168.250616
98.0,100,168.284683
100.0,100,168.317961
100.0,100,168.351145
96.0,100,168.383058
100.0,100,168.415347
100.0,100,168.448645
100.0,100,168.481757
98.0,100,168.515207
100.0,100,168.548927
100.0,100,168.583605
100.0,100,168.617355
96.0,100,168.651196
98.0,100,168.684207
98.0,100,168.717237
100.0,100,168.751183
100.0,100,168.784543
100.0,100,168.818253
100.0,100,168.850779
100.0,100,168.885158
100.0,100,168.918759
100.0,100,168.954285
100.0,100,168.988333
100.0,100,169.021593
100.0,100,169.054082
100.0,100,169.087794
100.0,100,169.120924
98.0,100,169.15354
100.0,100,169.185856
100.0,100,169.218799
100.0,100,169.252822
100.0,100,169.285171
100.0,100,169.318749
100.0,100,169.351853
100.0,100,169.384925
96.0,100,169.418763
100.0,100,169.452836
98.0,100,169.48535
100.0,100,169.518546
98.0,100,169.551339
100.0,100,169.583163
100.0,100,169.615423
98.0,100,169.647273
100.0,100,169.681212
100.0,100,169.71405
98.0,100,169.747058
100.0,100,169.780879
100.0,100,169.811904
100.0,100,169.844372
98.0,100,169.876448
100.0,100,169.910792
100.0,100,169.943465
96.0,100,169.976195
100.0,100,170.009598
100.0,100,170.043004
98.0,100,170.075531
100.0,100,170.109772
100.0,100,170.144727
100.0,100,170.176832
100.0,100,170.210685
100.0,100,170.244815
100.0,100,170.278458
100.0,100,170.311125
100.0,100,170.344116
100.0,100,170.376783
98.0,100,170.408804
100.0,100,170.440945
100.0,100,170.473274
98.0,100,170.505466
100.0,100,170.539114
98.0,100,170.571056
100.0,100,170.604831
100.0,100,170.638016
100.0,100,170.669629
98.0,100,170.703161
100.0,100,170.735404
100.0,100,170.769764
100.0,100,170.801229
96.0,100,170.833689
100.0,100,170.868222
100.0,100,170.901971
100.0,100,170.93657
100.0,100,170.970367
98.0,100,171.003568
100.0,100,171.036755
100.0,100,171.068811
100.0,100,171.101674
98.0,100,171.13404
100.0,100,171.16728
100.0,100,171.200393
96.0,100,171.233531
100.0,100,171.267076
100.0,100,171.299571
98.0,100,171.331935
98.0,100,171.364927
96.0,100,171.397963
100.0,100,171.43189
100.0,100,171.465904
100.0,100,171.497221
100.0,100,171.531703
100.0,100,171.564862
100.0,100,171.596443
100.0,100,171.629053
100.0,100,171.660976
100.0,100,171.694403
100.0,100,171.727189
100.0,100,171.760633
100.0,100,171.793324
98.0,100,171.826099
98.0,100,171.858663
100.0,100,171.891931
100.0,100,171.92464
100.0,100,171.965194
98.0,100,171.998729
100.0,100,172.033241
100.0,100,172.065998
100.0,100,172.098948
96.0,100,172.13189
100.0,100,172.163845
100.0,100,172.194821
100.0,100,172.229174
100.0,100,172.262347
100.0,100,172.307024
100.0,100,172.343826
100.0,100,172.377787
98.0,100,172.412108
100.0,100,172.446808
100.0,100,172.482452
100.0,100,172.516601
98.0,100,172.55067
100.0,100,172.585738
100.0,100,172.6205
96.0,100,172.655084
100.0,100,172.689763
96.0,100,172.723332
100.0,100,172.757264
100.0,100,172.791383
100.0,100,172.824999
100.0,100,172.859032
100.0,100,172.89338
98.0,100,172.928262
100.0,100,172.962296
100.0,100,172.995983
100.0,100,173.028246
100.0,100,173.062626
98.0,100,173.097086
100.0,100,173.130944
98.0,100,173.165334
100.0,100,173.198775
98.0,100,173.230908
100.0,100,173.264158
100.0,100,173.299147
100.0,100,173.333282
94.0,100,173.366097
94.0,100,173.400961
100.0,100,173.434373
100.0,100,173.468094
100.0,100,173.502634
100.0,100,173.535888
100.0,100,173.568502
98.0,100,173.602496
100.0,100,173.635089
100.0,100,173.670486
100.0,100,173.704855
100.0,100,173.739566
98.0,100,173.772384
94.0,100,173.806494
100.0,100,173.840506
100.0,100,173.87444
100.0,100,173.907576
100.0,100,173.94078
94.0,100,173.973975
98.0,100,174.00817
100.0,100,174.041959
100.0,100,174.07567
100.0,100,174.109283
100.0,100,174.142005
100.0,100,174.174256
100.0,100,174.208218
100.0,100,174.241038
100.0,100,174.273467
100.0,100,174.305354
94.0,100,174.338656
100.0,100,174.372307
98.0,100,174.40729
100.0,100,174.441374
100.0,100,174.475143
100.0,100,174.509192
100.0,100,174.544335
100.0,100,174.576348
100.0,100,174.609203
100.0,100,174.643057
100.0,100,174.676348
100.0,100,174.710083
100.0,100,174.744217
100.0,100,174.777162
100.0,100,174.810332
100.0,100,174.8451
100.0,100,174.879484
100.0,100,174.912826
100.0,100,174.947205
100.0,100,174.981335
100.0,100,175.014161
100.0,100,175.048549
98.0,100,175.08234
100.0,100,175.117717
100.0,100,175.152594
100.0,100,175.186435
100.0,100,175.22082
100.0,100,175.253808
98.0,100,175.287557
98.0,100,175.321095
100.0,100,175.35486
100.0,100,175.389277
100.0,100,175.42339
98.0,100,175.458952
100.0,100,175.49348
100.0,100,175.5266
100.0,100,175.560899
98.0,100,175.594662
96.0,100,175.626567
100.0,100,175.661238
100.0,100,175.693747
100.0,100,175.727394
100.0,100,175.76084
100.0,100,175.794578
100.0,100,175.828188
100.0,100,175.861748
100.0,100,175.894655
98.0,100,175.928726
100.0,100,175.962749
100.0,100,175.996333
100.0,100,176.030582
100.0,100,176.066807
98.0,100,176.101116
100.0,100,176.13471
100.0,100,176.167306
100.0,100,176.200938
100.0,100,176.234649
100.0,100,176.268717
98.0,100,176.304482
100.0,100,176.338314
100.0,100,176.373237
100.0,100,176.407423
98.0,100,176.44128
98.0,100,176.476508
100.0,100,176.510398
100.0,100,176.544651
96.0,100,176.579999
98.0,100,176.614138
100.0,100,176.64654
100.0,100,176.681147
94.0,100,176.715562
100.0,100,176.74919
100.0,100,176.782593
100.0,100,176.815395
100.0,100,176.847989
100.0,100,176.882696
96.0,100,176.915523
96.0,100,176.94843
100.0,100,176.984444
100.0,100,177.017615
98.0,100,177.052121
100.0,100,177.085073
100.0,100,177.11948
100.0,100,177.153223
100.0,100,177.18659
100.0,100,177.221252
100.0,100,177.254688
100.0,100,177.287301
100.0,100,177.321626
96.0,100,177.355665
100.0,100,177.389008
100.0,100,177.42237
100.0,100,177.455264
98.0,100,177.489295
100.0,100,177.524048
100.0,100,177.557204
100.0,100,177.591404
98.0,100,177.623906
100.0,100,177.658731
100.0,100,177.691806
100.0,100,177.723488
100.0,100,177.756277
100.0,100,177.79022
100.0,100,177.825208
100.0,100,177.859113
100.0,100,177.892652
100.0,100,177.927385
100.0,100,177.961396
100.0,100,177.996066
100.0,100,178.03152
100.0,100,178.066227
100.0,100,178.100538
100.0,100,178.13466
100.0,100,178.169713
100.0,100,178.202131
96.0,100,178.236439
100.0,100,178.270808
96.0,100,178.305105
100.0,100,178.337421
100.0,100,178.370918
100.0,100,178.405297
100.0,100,178.438966
100.0,100,178.473219
100.0,100,178.507675
100.0,100,178.54074
100.0,100,178.575378
100.0,100,178.609638
100.0,100,178.64352
100.0,100,178.675982
100.0,100,178.708253
100.0,100,178.741423
100.0,100,178.774506
100.0,100,178.808918
100.0,100,178.841087
98.0,100,178.873732
100.0,100,178.907482
100.0,100,178.941155
100.0,100,178.975601
96.0,100,179.008308
100.0,100,179.041293
98.0,100,179.074538
100.0,100,179.107009
100.0,100,179.138759
98.0,100,179.17098
100.0,100,179.202411
100.0,100,179.233935
100.0,100,179.265657
100.0,100,179.29732
100.0,100,179.328821
98.0,100,179.361465
96.0,100,179.394756
98.0,100,179.427096
100.0,100,179.459099
100.0,100,179.492157
100.0,100,179.525234
100.0,100,179.556476
100.0,100,179.587764
100.0,100,179.621202
100.0,100,179.653132
100.0,100,179.687981
100.0,100,179.72027
98.0,100,179.752998
100.0,100,179.786304
100.0,100,179.818748
100.0,100,179.852766
100.0,100,179.885128
100.0,100,179.91774
98.0,100,179.951257
98.0,100,179.984893
100.0,100,180.016601
100.0,100,180.049314
96.0,100,180.083371
98.0,100,180.117182
100.0,100,180.150821
100.0,100,180.182542
100.0,100,180.21578
100.0,100,180.248534
98.0,100,180.281461
100.0,100,180.313754
96.0,100,180.347453
100.0,100,180.38019
98.0,100,180.413059
96.0,100,180.445342
100.0,100,180.478061
100.0,100,180.511422
98.0,100,180.545091
100.0,100,180.577985
100.0,100,180.609622
98.0,100,180.642899
100.0,100,180.67649
100.0,100,180.709324
100.0,100,180.743615
100.0,100,180.775593
100.0,100,180.809641
98.0,100,180.842582
100.0,100,180.875864
100.0,100,180.909664
100.0,100,180.943465
100.0,100,180.976902
98.0,100,181.009801
100.0,100,181.043051
100.0,100,181.075025
100.0,100,181.108626
100.0,100,181.14189
100.0,100,181.174271
98.0,100,181.20722
100.0,100,181.239758
100.0,100,181.271373
100.0,100,181.305805
98.0,100,181.340113
100.0,100,181.372584
100.0,100,181.405432
98.0,100,181.439128
100.0,100,181.472429
100.0,100,181.505698
100.0,100,181.538361
100.0,100,181.571969
100.0,100,181.604449
100.0,100,181.637645
100.0,100,181.670375
98.0,100,181.70448
100.0,100,181.738482
100.0,100,181.772501
100.0,100,181.806723
96.0,100,181.83956
100.0,100,181.872456
100.0,100,181.905273
100.0,100,181.938723
100.0,100,181.971644
100.0,100,182.005658
100.0,100,182.03828
100.0,100,182.071414
100.0,100,182.105178
100.0,100,182.139007
100.0,100,182.170709
98.0,100,182.204359
100.0,100,182.238817
100.0,100,182.272605
100.0,100,182.305844
100.0,100,182.340832
100.0,100,182.374501
100.0,100,182.407933
100.0,100,182.441491
100.0,100,182.47436
100.0,100,182.506084
100.0,100,182.540395
100.0,100,182.572359
100.0,100,182.605173
100.0,100,182.637707
100.0,100,182.67187
100.0,100,182.705803
100.0,100,182.738847
100.0,100,182.771329
98.0,100,182.804203
100.0,100,182.837616
100.0,100,182.872464
98.0,100,182.90595
100.0,100,182.938792
98.0,100,182.971412
100.0,100,183.005555
100.0,100,183.039305
100.0,100,183.072629
96.0,100,183.104876
96.0,100,183.13827
96.0,100,183.171879
100.0,100,183.205924
92.0,100,183.239326
100.0,100,183.271944
100.0,100,183.305707
100.0,100,183.339566
98.0,100,183.372501
100.0,100,183.405834
100.0,100,183.44035
98.0,100,183.473832
100.0,100,183.506287
100.0,100,183.540244
100.0,100,183.573841
100.0,100,183.607757
100.0,100,183.642541
100.0,100,183.675034
96.0,100,183.708272
100.0,100,183.741551
100.0,100,183.775403
98.0,100,183.808581
100.0,100,183.840414
100.0,100,183.87433
100.0,100,183.907926
100.0,100,183.941015
100.0,100,183.973713
100.0,100,184.007597
98.0,100,184.041176
98.0,100,184.074016
100.0,100,184.108256
100.0,100,184.141401
100.0,100,184.174594
100.0,100,184.209222
100.0,100,184.242151
94.0,100,184.276571
100.0,100,184.311169
100.0,100,184.344011
100.0,100,184.377875
100.0,100,184.411864
100.0,100,184.443956
100.0,100,184.47712
100.0,100,184.510225
100.0,100,184.542899
100.0,100,184.57691
100.0,100,184.61041
100.0,100,184.64347
100.0,100,184.67577
98.0,100,184.708496
100.0,100,184.742394
100.0,100,184.77496
100.0,100,184.808658
100.0,100,184.841155
100.0,100,184.873251
100.0,100,184.905812
100.0,100,184.938978
100.0,100,184.972661
94.0,100,185.005574
98.0,100,185.038594
96.0,100,185.071692
98.0,100,185.106657
96.0,100,185.138987
100.0,100,185.173722
98.0,100,185.208211
98.0,100,185.242135
100.0,100,185.276248
100.0,100,185.308917
100.0,100,185.342589
100.0,100,185.375428
100.0,100,185.409119
100.0,100,185.441945
100.0,100,185.475044
100.0,100,185.508049
100.0,100,185.542045
100.0,100,185.575621
100.0,100,185.607462
100.0,100,185.640651
100.0,100,185.672932
100.0,100,185.705138
100.0,100,185.738293
100.0,100,185.770029
100.0,100,185.802665
100.0,100,185.836017
100.0,100,185.868924
100.0,100,185.902886
98.0,100,185.935116
100.0,100,185.966354
100.0,100,186.00043
100.0,100,186.033427
100.0,100,186.06671
100.0,100,186.099318
100.0,100,186.132414
100.0,100,186.165555
100.0,100,186.199718
100.0,100,186.233694
100.0,100,186.266486
100.0,100,186.297838
100.0,100,186.33143
96.0,100,186.364804
100.0,100,186.398075
100.0,100,186.432011
100.0,100,186.465003
100.0,100,186.498723
100.0,100,186.532293
100.0,100,186.565459
100.0,100,186.598515
100.0,100,186.63106
100.0,100,186.664032
100.0,100,186.697048
100.0,100,186.72986
100.0,100,186.762744
100.0,100,186.796492
98.0,100,186.830249
100.0,100,186.863724
100.0,100,186.897238
100.0,100,186.93052
100.0,100,186.964773
100.0,100,186.996768
100.0,100,187.029085
100.0,100,187.060794
100.0,100,187.091965
100.0,100,187.123492
100.0,100,187.155009
100.0,100,187.18862
100.0,100,187.221991
100.0,100,187.254273
100.0,100,187.286893
98.0,100,187.320001
100.0,100,187.352569
100.0,100,187.385427
100.0,100,187.417479
100.0,100,187.450168
100.0,100,187.483437
100.0,100,187.518428
100.0,100,187.551239
100.0,100,187.583675
100.0,100,187.615534
100.0,100,187.648566
100.0,100,187.681243
100.0,100,187.713291
100.0,100,187.745965
100.0,100,187.778292
100.0,100,187.811233
100.0,100,187.84372
98.0,100,187.875734
100.0,100,187.908722
100.0,100,187.942552
98.0,100,187.974635
100.0,100,188.006586
100.0,100,188.039736
98.0,100,188.073262
94.0,100,188.104654
96.0,100,188.137604
100.0,100,188.170533
100.0,100,188.2024
98.0,100,188.235227
100.0,100,188.267533
100.0,100,188.300817
98.0,100,188.334282
100.0,100,188.367676
100.0,100,188.400438
100.0,100,188.434626
100.0,100,188.467515
100.0,100,188.502077
94.0,100,188.53523
94.0,100,188.568076
100.0,100,188.600044
100.0,100,188.633197
100.0,100,188.666246
100.0,100,188.699549
100.0,100,188.73204
100.0,100,188.765401
100.0,100,188.798955
100.0,100,188.832555
100.0,100,188.86615
100.0,100,188.899079
100.0,100,188.933294
94.0,100,188.967483
100.0,100,189.00154
100.0,100,189.035413
100.0,100,189.068059
100.0,100,189.101311
100.0,100,189.134104
100.0,100,189.166957
100.0,100,189.200331
100.0,100,189.233541
100.0,100,189.266747
100.0,100,189.300252
100.0,100,189.333261
100.0,100,189.365371
98.0,100,189.399399
100.0,100,189.433004
100.0,100,189.465513
96.0,100,189.499276
98.0,100,189.532206
98.0,100,189.564623
96.0,100,189.597899
92.0,100,189.630905
98.0,100,189.6642
98.0,100,189.697011
100.0,100,189.730607
100.0,100,189.764285
100.0,100,189.798191
98.0,100,189.831803
98.0,100,189.867657
98.0,100,189.90139
98.0,100,189.934964
98.0,100,189.96819
100.0,100,189.999928
100.0,100,190.034403
100.0,100,190.067356
98.0,100,190.101745
100.0,100,190.134473
98.0,100,190.167563
100.0,100,190.200432
100.0,100,190.232796
100.0,100,190.266622
100.0,100,190.299624
100.0,100,190.333776
100.0,100,190.366117
100.0,100,190.400202
100.0,100,190.433003
100.0,100,190.465822
100.0,100,190.50095
100.0,100,190.536187
100.0,100,190.570702
98.0,100,190.603512
98.0,100,190.638022
100.0,100,190.670173
100.0,100,190.703076
100.0,100,190.736638
92.0,100,190.769624
96.0,100,190.803305
100.0,100,190.838117
98.0,100,190.871774
96.0,100,190.906106
98.0,100,190.941686
100.0,100,190.97499
98.0,100,191.009119
100.0,100,191.043282
100.0,100,191.077646
100.0,100,191.111061
100.0,100,191.146127
96.0,100,191.181272
100.0,100,191.215172
100.0,100,191.249112
100.0,100,191.283198
96.0,100,191.318527
100.0,100,191.352159
96.0,100,191.387194
94.0,100,191.420851
100.0,100,191.454251
100.0,100,191.488052
100.0,100,191.520903
100.0,100,191.555219
100.0,100,191.587679
100.0,100,191.622543
100.0,100,191.655829
100.0,100,191.690139
100.0,100,191.725809
100.0,100,191.757746
100.0,100,191.791861
100.0,100,191.824135
100.0,100,191.857548
100.0,100,191.891242
100.0,100,191.924643
100.0,100,191.958638
100.0,100,191.9917
100.0,100,192.024963
100.0,100,192.057999
100.0,100,192.092589
100.0,100,192.126781
100.0,100,192.159756
98.0,100,192.193675
100.0,100,192.226826
98.0,100,192.259221
100.0,100,192.291528
100.0,100,192.325145
98.0,100,192.358772
100.0,100,192.391769
100.0,100,192.428717
100.0,100,192.466996
100.0,100,192.506173
98.0,100,192.544547
100.0,100,192.578075
100.0,100,192.610373
100.0,100,192.644439
100.0,100,192.689885
100.0,100,192.725134
100.0,100,192.758205
100.0,100,192.791725
100.0,100,192.826039
100.0,100,192.858271
100.0,100,192.892525
100.0,100,192.924582
100.0,100,192.958297
100.0,100,192.99053
98.0,100,193.02389
100.0,100,193.057772
96.0,100,193.091881
100.0,100,193.125825
100.0,100,193.16036
100.0,100,193.192707
100.0,100,193.224641
100.0,100,193.259713
100.0,100,193.292583
100.0,100,193.325645
100.0,100,193.359163
100.0,100,193.39205
100.0,100,193.426076
100.0,100,193.458716
100.0,100,193.492861
100.0,100,193.525059
96.0,100,193.559248
100.0,100,193.59228
100.0,100,193.624697
100.0,100,193.656982
100.0,100,193.690897
100.0,100,193.723406
98.0,100,193.755808
98.0,100,193.788197
98.0,100,193.821906
100.0,100,193.855538
100.0,100,193.888282
100.0,100,193.921759
100.0,100,193.954482
92.0,100,193.98828
96.0,100,194.019228
100.0,100,194.052784
100.0,100,194.08531
100.0,100,194.117654
100.0,100,194.152599
100.0,100,194.186346
100.0,100,194.219191
100.0,100,194.252355
98.0,100,194.28436
100.0,100,194.317005
100.0,100,194.351178
100.0,100,194.383825
100.0,100,194.417117
100.0,100,194.450818
100.0,100,194.483708
100.0,100,194.519046
100.0,100,194.551512
100.0,100,194.583845
100.0,100,194.61724
100.0,100,194.650287
100.0,100,194.681965
100.0,100,194.716053
100.0,100,194.750172
98.0,100,194.78427
100.0,100,194.817884
96.0,100,194.851207
100.0,100,194.886428
100.0,100,194.920702
100.0,100,194.954614
100.0,100,194.987893
100.0,100,195.022036
100.0,100,195.05656
100.0,100,195.088779
100.0,100,195.124127
100.0,100,195.157847
98.0,100,195.192625
96.0,100,195.225563
96.0,100,195.259462
100.0,100,195.291912
98.0,100,195.326546
100.0,100,195.36081
98.0,100,195.394647
100.0,100,195.436707
100.0,100,195.501834
100.0,100,195.536941
100.0,100,195.571097
100.0,100,195.604929
100.0,100,195.640157
100.0,100,195.674634
100.0,100,195.708572
100.0,100,195.742372
94.0,100,195.775512
100.0,100,195.809303
98.0,100,195.843587
100.0,100,195.877661
100.0,100,195.911647
100.0,100,195.946196
98.0,100,195.980268
96.0,100,196.014046
100.0,100,196.047688
100.0,100,196.082977
100.0,100,196.115034
100.0,100,196.147829
98.0,100,196.181034
98.0,100,196.213905
100.0,100,196.247647
94.0,100,196.28301
100.0,100,196.318616
100.0,100,196.352259
100.0,100,196.387245
100.0,100,196.421114
100.0,100,196.455273
100.0,100,196.489104
100.0,100,196.522413
98.0,100,196.55718
100.0,100,196.592431
92.0,100,196.626068
98.0,100,196.660798
100.0,100,196.694483
100.0,100,196.729383
100.0,100,196.762356
94.0,100,196.795955
100.0,100,196.829059
100.0,100,196.862792
100.0,100,196.896602
98.0,100,196.931354
94.0,100,196.965764
100.0,100,197.001183
100.0,100,197.035304
100.0,100,197.068542
100.0,100,197.103199
98.0,100,197.136766
100.0,100,197.169427
100.0,100,197.204267
100.0,100,197.238452
98.0,100,197.276096
98.0,100,197.311341
100.0,100,197.344841
100.0,100,197.379065
98.0,100,197.412238
100.0,100,197.447287
98.0,100,197.481462
100.0,100,197.514914
100.0,100,197.549636
100.0,100,197.583873
100.0,100,197.618656
100.0,100,197.652744
98.0,100,197.685666
98.0,100,197.71923
100.0,100,197.752901
100.0,100,197.785626
100.0,100,197.819405
100.0,100,197.869791
98.0,100,197.923283
98.0,100,197.958526
98.0,100,197.993149
98.0,100,198.028682
100.0,100,198.062951
98.0,100,198.096521
100.0,100,198.130255
100.0,100,198.163223
100.0,100,198.195684
100.0,100,198.231382
98.0,100,198.264669
100.0,100,198.29918
100.0,100,198.332023
100.0,100,198.366219
100.0,100,198.398929
100.0,100,198.431333
98.0,100,198.466119
98.0,100,198.499528
100.0,100,198.533838
98.0,100,198.567909
96.0,100,198.598952
100.0,100,198.632418
100.0,100,198.665184
100.0,100,198.698615
96.0,100,198.730583
98.0,100,198.764579
96.0,100,198.798103
98.0,100,198.833588
96.0,100,198.867738
98.0,100,198.900477
98.0,100,198.933731
100.0,100,198.967539
98.0,100,198.999924
100.0,100,199.034643
100.0,100,199.069328
100.0,100,199.101429
100.0,100,199.134897
100.0,100,199.167095
98.0,100,199.200262
100.0,100,199.234493
100.0,100,199.26774
100.0,100,199.300232
98.0,100,199.333747
100.0,100,199.36597
100.0,100,199.399427
98.0,100,199.432464
100.0,100,199.467354
100.0,100,199.500778
100.0,100,199.533332
100.0,100,199.568738
100.0,100,199.602037
98.0,100,199.636358
98.0,100,199.670178
100.0,100,199.704465
100.0,100,199.737404
100.0,100,199.772478
100.0,100,199.805717
100.0,100,199.8389
96.0,100,199.871898
92.0,100,199.905226
100.0,100,199.937738
100.0,100,199.971252
100.0,100,200.003653
98.0,100,200.037677
100.0,100,200.071998
98.0,100,200.10409
100.0,100,200.137907
100.0,100,200.171549
100.0,100,200.205592
100.0,100,200.240196
98.0,100,200.275004
96.0,100,200.309036
100.0,100,200.342045
100.0,100,200.37577
100.0,100,200.410727
98.0,100,200.443795
100.0,100,200.478776
100.0,100,200.511165
100.0,100,200.544008
96.0,100,200.576216
100.0,100,200.609547
100.0,100,200.643601
98.0,100,200.677719
100.0,100,200.709546
100.0,100,200.743288
100.0,100,200.776147
100.0,100,200.808924
100.0,100,200.843132
100.0,100,200.875769
100.0,100,200.908663
98.0,100,200.941705
100.0,100,200.974191
100.0,100,201.007822
100.0,100,201.040395
100.0,100,201.075643
100.0,100,201.108897
100.0,100,201.142464
100.0,100,201.176481
100.0,100,201.210307
100.0,100,201.244688
100.0,100,201.278602
100.0,100,201.311945
100.0,100,201.345848
100.0,100,201.37974
100.0,100,201.413369
100.0,100,201.447891
100.0,100,201.480602
100.0,100,201.514319
100.0,100,201.547173
100.0,100,201.580208
100.0,100,201.612861
100.0,100,201.645865
96.0,100,201.678202
100.0,100,201.711646
98.0,100,201.744564
100.0,100,201.778769
98.0,100,201.813918
100.0,100,201.847608
100.0,100,201.88016
100.0,100,201.915299
100.0,100,201.948273
98.0,100,201.980877
100.0,100,202.014588
100.0,100,202.049355
100.0,100,202.083117
100.0,100,202.117947
100.0,100,202.151746
96.0,100,202.184682
100.0,100,202.218061
100.0,100,202.2511
100.0,100,202.283838
98.0,100,202.31588
100.0,100,202.350082
100.0,100,202.384635
100.0,100,202.418522
100.0,100,202.453425
96.0,100,202.486146
98.0,100,202.520252
100.0,100,202.554599
100.0,100,202.588743
98.0,100,202.622508
100.0,100,202.65749
100.0,100,202.689926
100.0,100,202.724119
98.0,100,202.757916
100.0,100,202.79082
100.0,100,202.824203
100.0,100,202.858024
98.0,100,202.892841
100.0,100,202.926468
100.0,100,202.959221
100.0,100,202.992794
100.0,100,203.024994
100.0,100,203.05795
100.0,100,203.090413
100.0,100,203.12253
98.0,100,203.156602
100.0,100,203.190711
100.0,100,203.224581
100.0,100,203.257184
100.0,100,203.291802
100.0,100,203.324625
100.0,100,203.358482
100.0,100,203.392151
100.0,100,203.4265
100.0,100,203.459688
96.0,100,203.493072
96.0,100,203.525375
100.0,100,203.558223
100.0,100,203.591163
98.0,100,203.624312
96.0,100,203.657242
98.0,100,203.690749
98.0,100,203.725011
100.0,100,203.75917
100.0,100,203.792117
100.0,100,203.825279
100.0,100,203.860105
100.0,100,203.893548
100.0,100,203.926569
100.0,100,203.959542
100.0,100,203.993379
100.0,100,204.026488
100.0,100,204.061288
100.0,100,204.09572
100.0,100,204.129065
100.0,100,204.161854
100.0,100,204.195589
100.0,100,204.228053
98.0,100,204.261478
98.0,100,204.29632
98.0,100,204.328882
100.0,100,204.36147
98.0,100,204.39512
98.0,100,204.429445
100.0,100,204.462863
100.0,100,204.496278
100.0,100,204.530461
98.0,100,204.563563
100.0,100,204.597815
100.0,100,204.630486
100.0,100,204.663719
100.0,100,204.726247
100.0,100,204.759754
100.0,100,204.794585
100.0,100,204.827901
100.0,100,204.861636
100.0,100,204.89495
98.0,100,204.929376
100.0,100,204.961794
100.0,100,204.994134
100.0,100,205.028226
100.0,100,205.062083
100.0,100,205.094593
100.0,100,205.129043
100.0,100,205.162214
100.0,100,205.195946
98.0,100,205.227804
100.0,100,205.262962
98.0,100,205.296133
100.0,100,205.329518
100.0,100,205.3627
100.0,100,205.397011
100.0,100,205.430052
100.0,100,205.465379
100.0,100,205.49816
100.0,100,205.532256
100.0,100,205.566532
100.0,100,205.599938
100.0,100,205.632227
100.0,100,205.666284
100.0,100,205.700109
100.0,100,205.73405
100.0,100,205.767353
100.0,100,205.79958
98.0,100,205.833538
100.0,100,205.866788
100.0,100,205.900438
100.0,100,205.935476
98.0,100,205.968341
98.0,100,206.002745
100.0,100,206.036434
98.0,100,206.068932
98.0,100,206.103315
100.0,100,206.136556
100.0,100,206.170177
100.0,100,206.203278
100.0,100,206.236402
100.0,100,206.270056
98.0,100,206.303746
100.0,100,206.339655
100.0,100,206.372902
100.0,100,206.405235
100.0,100,206.438828
98.0,100,206.472647
100.0,100,206.506148
100.0,100,206.538116
100.0,100,206.571199
100.0,100,206.606383
100.0,100,206.638898
100.0,100,206.672445
100.0,100,206.70676
100.0,100,206.738564
100.0,100,206.772972
98.0,100,206.808348
100.0,100,206.842585
98.0,100,206.876512
100.0,100,206.909266
100.0,100,206.942283
100.0,100,206.97509
100.0,100,207.009365
100.0,100,207.043137
100.0,100,207.078227
100.0,100,207.111221
98.0,100,207.143969
100.0,100,207.177909
98.0,100,207.209362
100.0,100,207.243485
100.0,100,207.276467
100.0,100,207.309502
100.0,100,207.3431
100.0,100,207.376957
100.0,100,207.40903
96.0,100,207.443258
96.0,100,207.477001
96.0,100,207.510287
100.0,100,207.542493
100.0,100,207.575643
98.0,100,207.608989
96.0,100,207.642656
100.0,100,207.676962
100.0,100,207.710672
100.0,100,207.744156
100.0,100,207.777724
100.0,100,207.8103
100.0,100,207.844233
100.0,100,207.877314
98.0,100,207.911879
98.0,100,207.945013
100.0,100,207.977634
98.0,100,208.010302
100.0,100,208.04477
96.0,100,208.078522
96.0,100,208.110691
98.0,100,208.144075
100.0,100,208.178132
100.0,100,208.211781
100.0,100,208.246631
100.0,100,208.280557
100.0,100,208.314865
100.0,100,208.347896
98.0,100,208.381338
100.0,100,208.413909
98.0,100,208.447211
100.0,100,208.481734
100.0,100,208.513672
98.0,100,208.547597
100.0,100,208.580876
100.0,100,208.613566
100.0,100,208.647035
100.0,100,208.681395
100.0,100,208.714411
100.0,100,208.747056
100.0,100,208.780249
96.0,100,208.813904
100.0,100,208.846881
100.0,100,208.881654
100.0,100,208.914886
98.0,100,208.948034
100.0,100,208.980568
98.0,100,209.012849
100.0,100,209.045952
100.0,100,209.079763
100.0,100,209.112204
96.0,100,209.145109
98.0,100,209.179083
100.0,100,209.21245
100.0,100,209.245675
98.0,100,209.278149
100.0,100,209.309835
100.0,100,209.342963
100.0,100,209.37517
100.0,100,209.407813
100.0,100,209.441065
100.0,100,209.47345
98.0,100,209.507316
100.0,100,209.539939
100.0,100,209.572754
98.0,100,209.605472
100.0,100,209.638779
100.0,100,209.67123
100.0,100,209.70344
100.0,100,209.738346
100.0,100,209.771704
98.0,100,209.804369
100.0,100,209.837049
98.0,100,209.869684
100.0,100,209.903693
100.0,100,209.93731
100.0,100,209.972851
100.0,100,210.006372
100.0,100,210.040736
98.0,100,210.07514
98.0,100,210.107661
100.0,100,210.139685
100.0,100,210.171935
98.0,100,210.204278
100.0,100,210.238336
100.0,100,210.272514
100.0,100,210.305564
100.0,100,210.337845
100.0,100,210.371204
98.0,100,210.404597
100.0,100,210.437292
100.0,100,210.471613
98.0,100,210.504707
100.0,100,210.540149
100.0,100,210.604235
100.0,100,210.637312
100.0,100,210.670398
100.0,100,210.703203
100.0,100,210.73733
100.0,100,210.77095
98.0,100,210.805005
100.0,100,210.839327
100.0,100,210.872542
100.0,100,210.908048
100.0,100,210.941993
100.0,100,210.976017
100.0,100,211.011203
100.0,100,211.043461
100.0,100,211.078149
100.0,100,211.112593
98.0,100,211.145982
98.0,100,211.182444
100.0,100,211.217814
100.0,100,211.25215
100.0,100,211.286332
100.0,100,211.320224
100.0,100,211.352717
100.0,100,211.385652
100.0,100,211.418631
100.0,100,211.451088
100.0,100,211.48406
98.0,100,211.517877
100.0,100,211.5522
100.0,100,211.585219
100.0,100,211.616965
98.0,100,211.652243
100.0,100,211.684512
100.0,100,211.718528
100.0,100,211.752247
98.0,100,211.78559
100.0,100,211.818677
100.0,100,211.852771
100.0,100,211.886669
100.0,100,211.920957
100.0,100,211.955663
98.0,100,211.98931
100.0,100,212.023288
100.0,100,212.057568
100.0,100,212.090296
98.0,100,212.12339
100.0,100,212.156708
100.0,100,212.191057
98.0,100,212.224742
100.0,100,212.25801
100.0,100,212.292571
100.0,100,212.327158
100.0,100,212.360786
100.0,100,212.394667
90.0,100,212.42847
98.0,100,212.460914
100.0,100,212.493738
100.0,100,212.529766
100.0,100,212.563569
100.0,100,212.597673
100.0,100,212.63249
100.0,100,212.666283
100.0,100,212.701501
100.0,100,212.735441
100.0,100,212.769499
100.0,100,212.804581
100.0,100,212.838879
100.0,100,212.872302
100.0,100,212.906225
100.0,100,212.939942
100.0,100,212.973474
100.0,100,213.007334
98.0,100,213.040487
98.0,100,213.072908
100.0,100,213.106437
98.0,100,213.140647
100.0,100,213.173643
100.0,100,213.206791
100.0,100,213.239557
100.0,100,213.274263
100.0,100,213.307664
100.0,100,213.341591
100.0,100,213.374717
100.0,100,213.409527
96.0,100,213.44522
100.0,100,213.485841
100.0,100,213.520065
100.0,100,213.555647
100.0,100,213.590039
100.0,100,213.62467
100.0,100,213.658797
98.0,100,213.693805
100.0,100,213.730521
100.0,100,213.764058
100.0,100,213.797647
100.0,100,213.830392
100.0,100,213.865229
100.0,100,213.899233
100.0,100,213.934429
100.0,100,213.967989
100.0,100,214.001519
94.0,100,214.036045
100.0,100,214.06925
100.0,100,214.104274
100.0,100,214.137846
100.0,100,214.172947
100.0,100,214.20718
100.0,100,214.241002
100.0,100,214.274461
100.0,100,214.307759
100.0,100,214.342205
98.0,100,214.376477
100.0,100,214.410866
98.0,100,214.445575
100.0,100,214.479076
100.0,100,214.511052
100.0,100,214.542688
100.0,100,214.575939
100.0,100,214.609128
100.0,100,214.642318
100.0,100,214.676316
100.0,100,214.710973
100.0,100,214.745049
96.0,100,214.778221
100.0,100,214.811237
100.0,100,214.845646
94.0,100,214.879514
100.0,100,214.911848
100.0,100,214.945619
100.0,100,214.980929
100.0,100,215.015138
100.0,100,215.049962
98.0,100,215.08387
100.0,100,215.11683
100.0,100,215.150496
100.0,100,215.185049
100.0,100,215.220548
100.0,100,215.256688
98.0,100,215.343228
98.0,100,215.37767
100.0,100,215.410952
100.0,100,215.443763
98.0,100,215.495475
100.0,100,215.531176
100.0,100,215.565185
98.0,100,215.599218
96.0,100,215.631474
100.0,100,215.665478
100.0,100,215.700588
100.0,100,215.735344
100.0,100,215.770189
100.0,100,215.802827
100.0,100,215.836225
100.0,100,215.870535
100.0,100,215.903682
100.0,100,215.93713
100.0,100,215.971539
100.0,100,216.004244
100.0,100,216.038122
100.0,100,216.073219
100.0,100,216.106521
100.0,100,216.264101
100.0,100,216.296578
100.0,100,216.327889
100.0,100,216.361157
100.0,100,216.39441
98.0,100,216.426198
100.0,100,216.459666
100.0,100,216.494072
100.0,100,216.528086
100.0,100,216.562089
100.0,100,216.595097
98.0,100,216.628351
100.0,100,216.662643
100.0,100,216.696731
100.0,100,216.731448
100.0,100,216.76415
100.0,100,216.796899
98.0,100,216.83249
100.0,100,216.866889
100.0,100,216.900091
100.0,100,216.934472
100.0,100,216.967414
100.0,100,216.999684
98.0,100,217.03427
100.0,100,217.069369
100.0,100,217.102585
100.0,100,217.13726
100.0,100,217.17089
96.0,100,217.204485
100.0,100,217.238102
98.0,100,217.271892
100.0,100,217.305034
98.0,100,217.337504
100.0,100,217.371728
100.0,100,217.406409
100.0,100,217.439469
100.0,100,217.472565
98.0,100,217.505996
100.0,100,217.539497
100.0,100,217.574259
100.0,100,217.608319
100.0,100,217.651748
100.0,100,217.684794
100.0,100,217.720269
100.0,100,217.754697
100.0,100,217.787518
98.0,100,217.821179
100.0,100,217.855557
100.0,100,217.889902
98.0,100,217.923251
100.0,100,217.955627
100.0,100,217.988833
100.0,100,218.022498
100.0,100,218.053948
96.0,100,218.087286
100.0,100,218.120673
100.0,100,218.153106
100.0,100,218.18826
100.0,100,218.221925
100.0,100,218.255366
98.0,100,218.290297
100.0,100,218.325793
100.0,100,218.365717
100.0,100,218.400089
100.0,100,218.435319
96.0,100,218.46968
100.0,100,218.504934
96.0,100,218.538686
98.0,100,218.571984
100.0,100,218.606612
98.0,100,218.641397
100.0,100,218.673202
100.0,100,218.708409
98.0,100,218.742126
100.0,100,218.774157
100.0,100,218.807542
100.0,100,218.841021
98.0,100,218.87553
100.0,100,218.908976
100.0,100,218.943579
100.0,100,218.977265
100.0,100,219.012149
100.0,100,219.045223
100.0,100,219.078893
100.0,100,219.112245
100.0,100,219.146197
100.0,100,219.179535
100.0,100,219.213747
98.0,100,219.247025
100.0,100,219.280177
94.0,100,219.312138
100.0,100,219.345412
98.0,100,219.379397
100.0,100,219.412502
100.0,100,219.445018
98.0,100,219.479537
100.0,100,219.513374
100.0,100,219.547109
100.0,100,219.581492
100.0,100,219.615115
100.0,100,219.648191
98.0,100,219.682568
100.0,100,219.716593
100.0,100,219.749726
100.0,100,219.781784
98.0,100,219.816517
100.0,100,219.848463
98.0,100,219.882176
100.0,100,219.916859
100.0,100,219.950903
98.0,100,219.98444
100.0,100,220.015032
98.0,100,220.049923
100.0,100,220.08246
100.0,100,220.115799
98.0,100,220.148488
96.0,100,220.182023
100.0,100,220.213891
100.0,100,220.245462
100.0,100,220.280748
100.0,100,220.314835
100.0,100,220.348775
100.0,100,220.382809
96.0,100,220.416094
98.0,100,220.448352
98.0,100,220.482346
100.0,100,220.516345
100.0,100,220.549327
98.0,100,220.583051
98.0,100,220.615947
100.0,100,220.649379
98.0,100,220.682535
100.0,100,220.715728
100.0,100,220.749
100.0,100,220.781736
100.0,100,220.813885
100.0,100,220.848961
96.0,100,220.882169
100.0,100,220.916294
100.0,100,220.949439
100.0,100,220.982709
100.0,100,221.015195
100.0,100,221.047228
98.0,100,221.081745
96.0,100,221.115566
100.0,100,221.148167
100.0,100,221.182035
100.0,100,221.216144
100.0,100,221.249424
100.0,100,221.28103
100.0,100,221.314805
100.0,100,221.349182
100.0,100,221.380883
100.0,100,221.413453
98.0,100,221.445066
98.0,100,221.478758
100.0,100,221.511984
100.0,100,221.543826
100.0,100,221.578867
100.0,100,221.611994
100.0,100,221.643853
100.0,100,221.67771
100.0,100,221.713302
100.0,100,221.746468
100.0,100,221.779566
100.0,100,221.812872
100.0,100,221.847301
100.0,100,221.880674
98.0,100,221.914529
100.0,100,221.949671
100.0,100,221.982694
100.0,100,222.016418
100.0,100,222.04852
100.0,100,222.082298
94.0,100,222.115938
100.0,100,222.147991
98.0,100,222.181642
100.0,100,222.214398
100.0,100,222.248045
100.0,100,222.281636
98.0,100,222.318166
100.0,100,222.354667
98.0,100,222.387574
98.0,100,222.42055
100.0,100,222.454066
100.0,100,222.490018
100.0,100,222.524627
100.0,100,222.566608
98.0,100,222.60415
100.0,100,222.638427
100.0,100,222.673193
100.0,100,222.706296
98.0,100,222.740673
100.0,100,222.772988
98.0,100,222.807456
100.0,100,222.840474
100.0,100,222.873798
100.0,100,222.908091
100.0,100,222.94192
100.0,100,222.974856
98.0,100,223.008711
100.0,100,223.0421
100.0,100,223.073984
100.0,100,223.107529
94.0,100,223.143243
98.0,100,223.177919
100.0,100,223.213256
100.0,100,223.24747
100.0,100,223.28044
98.0,100,223.31337
98.0,100,223.346056
100.0,100,223.379726
100.0,100,223.413652
98.0,100,223.480979
100.0,100,223.519574
100.0,100,223.551784
100.0,100,223.58427
100.0,100,223.619001
100.0,100,223.652605
100.0,100,223.685715
100.0,100,223.718605
100.0,100,223.752784
98.0,100,223.786589
100.0,100,223.820139
100.0,100,223.854889
100.0,100,223.887831
100.0,100,223.920572
96.0,100,223.953359
100.0,100,223.986555
100.0,100,224.018765
100.0,100,224.052865
100.0,100,224.086681
100.0,100,224.119327
100.0,100,224.153283
100.0,100,224.187324
100.0,100,224.220464
100.0,100,224.254537
100.0,100,224.286819
100.0,100,224.320349
100.0,100,224.355236
100.0,100,224.388598
100.0,100,224.421718
100.0,100,224.455653
100.0,100,224.488556
100.0,100,224.521612
100.0,100,224.555449
96.0,100,224.588076
98.0,100,224.621113
100.0,100,224.653927
100.0,100,224.686633
100.0,100,224.71874
100.0,100,224.75144
98.0,100,224.785099
100.0,100,224.818124
100.0,100,224.851861
100.0,100,224.88495
98.0,100,224.917092
100.0,100,224.949851
100.0,100,224.983009
100.0,100,225.013701
100.0,100,225.04777
98.0,100,225.081925
100.0,100,225.115749
100.0,100,225.149715
100.0,100,225.183083
100.0,100,225.215476
100.0,100,225.25029
98.0,100,225.28385
100.0,100,225.315921
98.0,100,225.348843
100.0,100,225.38254
98.0,100,225.415119
98.0,100,225.448787
100.0,100,225.482567
100.0,100,225.516085
100.0,100,225.549134
100.0,100,225.581814
100.0,100,225.614675
100.0,100,225.647857
100.0,100,225.681818
100.0,100,225.716025
100.0,100,225.74919
100.0,100,225.783051
100.0,100,225.818262
98.0,100,225.852528
98.0,100,225.88491
100.0,100,225.916469
98.0,100,225.951041
98.0,100,225.984651
100.0,100,226.018046
98.0,100,226.051241
100.0,100,226.083259
100.0,100,226.116609
96.0,100,226.149975
100.0,100,226.18446
100.0,100,226.218655
98.0,100,226.250333
100.0,100,226.283956
100.0,100,226.317317
100.0,100,226.350551
96.0,100,226.384652
100.0,100,226.418818
100.0,100,226.451191
100.0,100,226.485592
100.0,100,226.518011
100.0,100,226.551614
100.0,100,226.61465
94.0,100,226.648789
100.0,100,226.681858
100.0,100,226.71482
98.0,100,226.749158
100.0,100,226.783768
100.0,100,226.81753
100.0,100,226.851527
96.0,100,226.883615
100.0,100,226.916583
100.0,100,226.949116
100.0,100,226.983078
100.0,100,227.01632
100.0,100,227.049133
100.0,100,227.083026
100.0,100,227.116711
100.0,100,227.148606
100.0,100,227.182456
100.0,100,227.215992
100.0,100,227.250424
100.0,100,227.284
100.0,100,227.318125
100.0,100,227.351106
100.0,100,227.38471
98.0,100,227.417289
100.0,100,227.450485
100.0,100,227.484466
100.0,100,227.51826
100.0,100,227.550476
100.0,100,227.583175
100.0,100,227.615728
100.0,100,227.648846
100.0,100,227.681317
100.0,100,227.715936
100.0,100,227.749091
100.0,100,227.782528
100.0,100,227.815518
100.0,100,227.848146
98.0,100,227.882677
100.0,100,227.915634
98.0,100,227.949954
100.0,100,227.982963
100.0,100,228.017134
98.0,100,228.051461
100.0,100,228.085067
100.0,100,228.118637
98.0,100,228.151576
100.0,100,228.185523
96.0,100,228.219343
100.0,100,228.253226
100.0,100,228.288179
100.0,100,228.323449
100.0,100,228.356163
100.0,100,228.390074
100.0,100,228.422542
100.0,100,228.455627
100.0,100,228.488962
100.0,100,228.52395
98.0,100,228.557183
100.0,100,228.591198
100.0,100,228.623469
100.0,100,228.657579
100.0,100,228.690382
100.0,100,228.723732
100.0,100,228.757341
100.0,100,228.789991
100.0,100,228.823698
100.0,100,230.205177
100.0,100,230.237008
100.0,100,230.268374
100.0,100,230.300717
100.0,100,230.333993
100.0,100,230.367621
100.0,100,230.398181
100.0,100,230.428962
100.0,100,230.461202
100.0,100,230.494434
100.0,100,230.749028
100.0,100,230.998617
100.0,100,231.276178
100.0,100,231.522313
100.0,100,231.771834
100.0,100,232.018846
100.0,100,232.263864
100.0,100,232.509901
100.0,100,232.756814
100.0,100,233.004054
100.0,100,233.038508
100.0,100,233.070659
100.0,100,233.102525
100.0,100,233.134426
100.0,100,233.168122
100.0,100,233.200883
100.0,100,233.232819
100.0,100,233.264819
100.0,100,233.297046
100.0,100,233.330102
100.0,100,233.580092
100.0,100,233.826527
100.0,100,234.072373
100.0,100,234.320162
100.0,100,234.565509
100.0,100,234.815358
100.0,100,235.057463
100.0,100,235.304515
100.0,100,235.550477
100.0,100,235.793244
100.0,100,235.828165
100.0,100,235.86041
100.0,100,235.893055
100.0,100,235.925413
100.0,100,235.958721
100.0,100,235.991007
100.0,100,236.021462
100.0,100,236.054299
100.0,100,236.086166
100.0,100,236.118219
100.0,100,236.368726
100.0,100,236.614384
100.0,100,236.86179
100.0,100,237.107148
100.0,100,237.35574
100.0,100,237.602025
100.0,100,237.846859
100.0,100,238.091109
100.0,100,238.338314
100.0,100,238.58918
100.0,100,238.623007
100.0,100,238.656042
98.0,100,238.688848
100.0,100,238.721516
100.0,100,238.756549
100.0,100,238.789196
100.0,100,238.822033
100.0,100,238.856604
100.0,100,238.888978
98.0,100,238.922635
100.0,100,239.176093
100.0,100,239.422639
100.0,100,239.672425
100.0,100,239.919839
100.0,100,240.165948
100.0,100,240.414486
100.0,100,240.695599
100.0,100,240.942135
100.0,100,241.190523
100.0,100,241.442632
100.0,100,241.477654
100.0,100,241.509563
100.0,100,241.54143
98.0,100,241.57407
100.0,100,241.60758
100.0,100,241.640847
100.0,100,241.67288
100.0,100,241.705315
100.0,100,241.737583
100.0,100,241.771485
100.0,100,242.023586
100.0,100,242.271989
100.0,100,242.521659
100.0,100,242.768479
100.0,100,243.018152
100.0,100,243.267012
100.0,100,243.511799
100.0,100,243.757453
100.0,100,244.006254
100.0,100,244.252979
100.0,100,244.288609
100.0,100,244.32153
100.0,100,244.353326
100.0,100,244.412592
100.0,100,244.450639
100.0,100,244.483945
100.0,100,244.51506
100.0,100,244.547731
100.0,100,244.580334
100.0,100,244.613503
100.0,100,244.865044
100.0,100,245.112817
100.0,100,245.35635
100.0,100,245.605362
100.0,100,245.854139
100.0,100,246.102692
100.0,100,246.349721
100.0,100,246.596548
100.0,100,246.844484
100.0,100,247.094566
100.0,100,247.12955
100.0,100,247.162397
98.0,100,247.196287
100.0,100,247.229196
100.0,100,247.263238
100.0,100,247.297827
100.0,100,247.329868
100.0,100,247.362868
100.0,100,247.395624
100.0,100,247.430366
100.0,100,247.682187
100.0,100,247.93107
100.0,100,248.178567
100.0,100,248.429208
100.0,100,248.680916
100.0,100,248.929797
100.0,100,249.176652
100.0,100,249.42522
100.0,100,249.67283
100.0,100,249.919225
100.0,100,249.954209
100.0,100,249.987257
100.0,100,250.01974
100.0,100,250.05286
100.0,100,250.087422
98.0,100,250.132379
100.0,100,250.166327
100.0,100,250.19925
100.0,100,250.233232
100.0,100,250.266121
100.0,100,250.516151
100.0,100,250.764903
100.0,100,251.015106
100.0,100,251.262748
100.0,100,251.512681
100.0,100,251.790803
100.0,100,252.038148
100.0,100,252.286319
100.0,100,252.536771
100.0,100,252.784851
100.0,100,253.041492
100.0,100,253.2889
100.0,100,253.536297
100.0,100,253.784314
100.0,100,254.03321
100.0,100,254.281899
100.0,100,254.529128
100.0,100,254.776735
100.0,100,255.0254
100.0,100,255.272797
100.0,100,255.521526
100.0,100,255.768533
100.0,100,256.014733
100.0,100,256.263932
100.0,100,256.509385
100.0,100,256.761778
100.0,100,257.009875
100.0,100,257.256796
100.0,100,257.506999
100.0,100,257.753672
100.0,100,258.001226
100.0,100,258.249325
100.0,100,258.499679
100.0,100,258.745917
100.0,100,258.995538
100.0,100,259.275289
100.0,100,259.524796
100.0,100,259.77049
100.0,100,260.018254
100.0,100,260.266675
100.0,100,260.515026
100.0,100,260.761618
100.0,100,261.010527
100.0,100,261.258609
100.0,100,261.509276
100.0,100,261.75855
100.0,100,262.007369
100.0,100,262.256889
100.0,100,270.246163
100.0,100,270.495749
100.0,100,270.746593
100.0,100,270.996026
100.0,100,271.24902
100.0,100,271.502673
100.0,100,271.758885
100.0,100,272.012877
100.0,100,272.263115
100.0,100,272.515339
100.0,100,272.76641
100.0,100,273.016002
100.0,100,273.2687
100.0,100,273.517975
100.0,100,273.768475
100.0,100,274.017098
100.0,100,274.267661
100.0,100,274.514973
100.0,100,274.765109
100.0,100,275.020073
100.0,100,275.277345
100.0,100,275.528941
100.0,100,275.783212
100.0,100,276.037677
100.0,100,276.296106
100.0,100,276.551133
100.0,100,276.803699
100.0,100,277.057346
100.0,100,277.303697
100.0,100,277.553525
100.0,100,277.79937
100.0,100,278.050354
100.0,100,278.301772
100.0,100,278.547932
100.0,100,278.797944
100.0,100,279.045496
100.0,100,279.28983
100.0,100,279.545991
100.0,100,279.799661
100.0,100,280.050264
100.0,100,280.30612
100.0,100,280.559787
100.0,100,280.809899
100.0,100,281.062692
100.0,100,281.320586
100.0,100,281.571638
100.0,100,281.821416
100.0,100,282.072919
100.0,100,282.320052
100.0,100,282.570374
100.0,100,282.820882
100.0,100,283.07181
100.0,100,283.321135
100.0,100,283.570334
100.0,100,283.822832
100.0,100,284.076169
100.0,100,284.330544
100.0,100,284.582905
100.0,100,284.837602
100.0,100,285.092248
100.0,100,285.350202
100.0,100,285.601735
100.0,100,285.855921
100.0,100,286.109342
100.0,100,286.359419
100.0,100,286.605209
100.0,100,286.849859
100.0,100,287.099466
100.0,100,287.343551
100.0,100,287.592285
100.0,100,287.84333
100.0,100,288.09117
100.0,100,288.338629
100.0,100,288.592376
100.0,100,288.846345
100.0,100,289.100714
100.0,100,289.354036
100.0,100,289.603661
100.0,100,289.857543
100.0,100,290.113736
